,recall_x,precision_x,f1_x,word_count_x,rel_count_x,sys_relations_x,question,gold_relations_x,system_relations_x,recall_y,precision_y,f1_y,word_count_y,rel_count_y,sys_relations_y,gold_relations_y,system_relations_y
0,0.0,0.0,0.0,10,2,1,whose is famous works are Maniac Magee and Wringer ?,"[['dbp:notableworks'], ['dbp:notableworks']]",['dbo:notableWork'],0.0,0.0,0.0,10,2,0,"[['dbp:notableworks'], ['dbp:notableworks']]",[]
1,0.0,0.0,0.0,19,2,0,List all the former partners of the figure skater whose one of the former partner was Andrea poapst ?,"[['dbo:formerPartner'], ['dbo:formerPartner']]",[],0.0,0.0,0.0,19,2,0,"[['dbo:formerPartner'], ['dbo:formerPartner']]",[]
2,0.0,0.0,0.0,15,2,0,Which writer of Tales of Suspense is also the writer of karakuri Dji Ultimo ?,"[['dbp:author'], ['dbp:writers']]",[],0.0,0.0,0.0,15,2,0,"[['dbp:author'], ['dbp:writers']]",[]
3,0.0,0.0,0.0,8,2,1,Who appointed the successor of Charles Pinckney ?,"[['dbo:successor'], ['dbp:appointer']]",['dbp:successor'],0.0,0.0,0.0,8,2,0,"[['dbo:successor'], ['dbp:appointer']]",[]
4,0.0,0.0,0.0,6,1,1,which country is timo salonen from,[['dbp:birthPlace']],['dbo:birthPlace'],0.0,0.0,0.0,6,1,1,[['dbp:birthPlace']],['dbo:birthPlace']
5,0.0,0.0,0.0,12,1,0,What is the mountain whose parent mountain peak is Nevado de Toluca?,[['dbo:parentMountainPeak']],[],0.0,0.0,0.0,12,1,0,[['dbo:parentMountainPeak']],[]
6,0.0,0.0,0.0,10,1,1,whats the title of an  album by ben webster,[['dbo:type']],['dbo:artist'],0.0,0.0,0.0,10,1,1,[['dbo:type']],['dbo:artist']
7,0.0,0.0,0.0,17,2,0,"Which founder of European School, karlsruhe is also the jursdiction of Eurpoean Border of Coast guard ?","[['dbp:jurisdiction'], ['dbp:founder']]",[],0.0,0.0,0.0,17,2,0,"[['dbp:jurisdiction'], ['dbp:founder']]",[]
8,0.0,0.0,0.0,7,1,1,What is the nationality of jade macrae,[['dbo:hometown']],['dbo:nationality'],0.0,0.0,0.0,7,1,1,[['dbo:hometown']],['dbo:birthPlace']
9,0.0,0.0,0.0,13,2,0,In which wars were people from the Saudi Arabian ministry of defense involved?,"[['dbp:office'], ['dbp:battles']]",[],0.5,0.5,0.5,13,2,2,"[['dbp:office'], ['dbp:battles']]","['dbo:battle', 'dbp:battles']"
10,0.0,0.0,0.0,10,2,0,How many teams have LA kings players in them currently?,"[['dbo:team'], ['dbo:formerTeam']]",[],0.0,0.0,0.0,10,2,0,"[['dbo:team'], ['dbo:formerTeam']]",[]
11,0.0,0.0,0.0,6,1,0,Give me all members of Prodigy.,[['dbo:bandMember']],[],0.0,0.0,0.0,6,1,0,[['dbo:bandMember']],[]
12,0.0,0.0,0.0,15,2,0,How many other family of the mammals exists  whose family is also Hominidae ?,"[['dbo:family'], ['dbo:family']]",[],0.0,0.0,0.0,15,2,0,"[['dbo:family'], ['dbo:family']]",[]
13,0.0,0.0,0.0,8,1,0,Name the mouth country of Upper Neretva ?,[['dbo:mouthCountry']],[],0.0,0.0,0.0,8,1,0,[['dbo:mouthCountry']],[]
14,0.0,0.0,0.0,5,1,0,Was Castillo discovered by Galileo?,[['dbp:discoverer']],[],0.0,0.0,0.0,5,1,0,[['dbp:discoverer']],[]
15,0.0,0.0,0.0,10,1,0,Is the Vadodara railway junction onwed by Indian Railway Ministry?,[['dbo:owningOrganisation']],[],0.0,0.0,0.0,10,1,0,[['dbo:owningOrganisation']],[]
16,0.0,0.0,0.0,8,2,0,Terry Pratchett has written about how many topics?,"[['dbp:author'], ['dbo:nonFictionSubject']]",[],0.0,0.0,0.0,8,2,0,"[['dbp:author'], ['dbo:nonFictionSubject']]",[]
17,0.0,0.0,0.0,9,2,0,Things going to the mediterranean sea also go where?,"[['dbp:destinations'], ['dbo:destination']]",[],0.0,0.0,0.0,9,2,0,"[['dbp:destinations'], ['dbo:destination']]",[]
18,0.0,0.0,0.0,15,2,0,List the outflows of the lake whose one of the outflows is Benu river ?,"[['dbp:outflow'], ['dbo:outflow']]",[],0.0,0.0,0.0,15,2,0,"[['dbp:outflow'], ['dbo:outflow']]",[]
19,0.0,0.0,0.0,7,1,0,To which destinations does Air 2000 fly?,[['dbp:destinations']],[],0.0,0.0,0.0,7,1,0,[['dbp:destinations']],[]
20,0.0,0.0,0.0,11,2,0,Where is the rival school of Somerset Berkeley Regional High school?,"[['dbo:rival'], ['dbo:region']]",[],0.0,0.0,0.0,11,2,0,"[['dbo:rival'], ['dbo:region']]",[]
21,0.0,0.0,0.0,8,2,0,Which religions' people fought in the Miao rebellion?,"[['dbp:combatant'], ['dbo:religion']]",[],0.0,0.0,0.0,8,2,0,"[['dbp:combatant'], ['dbo:religion']]",[]
22,0.0,0.0,0.0,5,1,1,who made the film scooby-doo,[['dbo:writer']],['dbo:producer'],0.0,0.0,0.0,5,1,0,[['dbo:writer']],[]
23,0.0,0.0,0.0,14,2,0,Name the movies distributed by RKO Pictures and has music composer as Bernard Herrmann?,"[['dbo:musicComposer'], ['dbp:distributor']]",[],0.0,0.0,0.0,14,2,0,"[['dbo:musicComposer'], ['dbp:distributor']]",[]
24,0.0,0.0,0.0,12,2,0,"Who were the opponents of employees of Henry Howard, the Northampton Earl?","[['dbo:employer'], ['dbo:opponent']]",[],0.0,0.0,0.0,12,2,0,"[['dbo:employer'], ['dbo:opponent']]",[]
25,0.0,0.0,0.0,7,1,1,Which royal people are buried in Rome?,[['dbp:placeOfBurial']],['dbo:restingPlace'],0.0,0.0,0.0,7,1,1,[['dbp:placeOfBurial']],['dbo:restingPlace']
26,0.0,0.0,0.0,13,2,0,To how many different species does the members of the Animal Kingdom belong?,"[['dbo:species'], ['dbo:kingdom']]",[],0.0,0.0,0.0,13,2,0,"[['dbo:species'], ['dbo:kingdom']]",[]
27,0.0,0.0,0.0,9,1,0,Give me a count on associates of Johnny Cash?,[['dbp:associatedActs']],[],0.0,0.0,0.0,9,1,0,[['dbp:associatedActs']],[]
28,0.0,0.0,0.0,16,2,0,What is the religion of the member of parliament who is a relative of Sarathchandra Rajakaruna?,"[['dbo:relation'], ['dbo:religion']]",[],0.0,0.0,0.0,16,2,0,"[['dbo:relation'], ['dbo:religion']]",[]
29,0.0,0.0,0.0,9,1,0,Name the resting place of Charles Edward Magoon ?,[['dbp:restingplace']],[],0.0,0.0,0.0,9,1,1,[['dbp:restingplace']],['dbo:restingPlace']
30,0.0,0.0,0.0,11,1,0,What was the stadium of Panionios G.S.S. in 2014-15 season ?,[['dbp:stadium']],[],0.0,0.0,0.0,11,1,0,[['dbp:stadium']],[]
31,0.0,0.0,0.0,15,2,0,How many parties have come in power in elections where Y. S. Rajasekhara Reddy won?,"[['dbp:leader'], ['dbo:affiliation']]",[],0.0,0.0,0.0,15,2,0,"[['dbp:leader'], ['dbo:affiliation']]",[]
32,0.0,0.0,0.0,7,1,1,where from asia is misa uehara from,[['dbo:country']],['dbo:birthPlace'],0.0,0.0,0.0,7,1,1,[['dbo:country']],['dbo:birthPlace']
33,0.0,0.0,0.0,9,1,0,What was founded by Congress of Industrial Organizations ?,[['dbp:founded']],[],0.0,0.0,0.0,9,1,1,[['dbp:founded']],['dbo:foundedBy']
34,0.0,0.0,0.0,11,2,0,Name the scientist whose doctoral supervisor's doctoral student is John Bowlby?,"[['dbp:doctoralAdvisor'], ['dbo:doctoralStudent']]",[],0.0,0.0,0.0,11,2,0,"[['dbp:doctoralAdvisor'], ['dbo:doctoralStudent']]",[]
35,0.0,0.0,0.0,10,2,1,What team did Dan Daoust and Don Ashby play for?,"[['dbo:formerTeam'], ['dbp:playedFor']]",['dbo:team'],0.0,0.0,0.0,10,2,0,"[['dbo:formerTeam'], ['dbp:playedFor']]",[]
36,0.0,0.0,0.0,16,2,1,What faith of Buddhist Tai Hung College is also the acadmeic interest of Paul Demiville ?,"[['dbp:religion'], ['dbp:fields']]",['dbo:religion'],0.0,0.0,0.0,16,2,1,"[['dbp:religion'], ['dbp:fields']]",['dbo:religion']
37,0.0,0.0,0.0,15,2,0,What is the official residence of the senator who is the deputy of Everett Dirksen?,"[['dbp:deputy'], ['dbo:residence']]",[],0.0,0.0,0.0,15,2,0,"[['dbp:deputy'], ['dbo:residence']]",[]
38,0.0,0.0,0.0,6,1,1,What position does josh samuda play,[['dbp:currentpositionplain']],['dbo:position'],0.0,0.0,0.0,6,1,1,[['dbp:currentpositionplain']],['dbo:position']
39,0.0,0.0,0.0,6,1,0,What municipalities are adjacent to Chne-Bougeries?,[['dbp:neighboringMunicipalities']],[],0.0,0.0,0.0,6,1,0,[['dbp:neighboringMunicipalities']],[]
40,0.0,0.0,0.0,13,2,0,Which party has come in power at both Balangir and Amaravila in india?,"[['dbo:leaderName'], ['dbo:leaderName']]",[],0.0,0.0,0.0,13,2,0,"[['dbo:leaderName'], ['dbo:leaderName']]",[]
41,0.0,0.0,0.0,14,2,0,Which football team is in a city where A J Clark was a builder?,"[['dbp:city'], ['dbo:builder']]",[],0.0,0.0,0.0,14,2,0,"[['dbp:city'], ['dbo:builder']]",[]
42,0.0,0.0,0.0,14,2,0,What is the television show whose company is Playtone and written by Erik Jendresen?,"[['dbo:company'], ['dbp:writer']]",[],0.0,0.0,0.0,14,2,0,"[['dbo:company'], ['dbp:writer']]",[]
43,0.0,0.0,0.0,11,2,1,Where did the conflict take place in which Henri Putz fought?,"[['dbo:battle'], ['dbo:territory']]",['dbo:place'],0.0,0.0,0.0,11,2,1,"[['dbo:battle'], ['dbo:territory']]",['dbp:battles']
44,0.0,0.0,0.0,10,1,1,What is the album recorded by the romanian artist Inna?,[['dbo:type']],['dbo:artist'],0.0,0.0,0.0,10,1,1,[['dbo:type']],['dbo:artist']
45,0.0,0.0,0.0,8,2,0,What are some important works of US citizens?,"[['dbp:nationality'], ['dbo:notableWork']]",[],0.0,0.0,0.0,8,2,0,"[['dbp:nationality'], ['dbo:notableWork']]",[]
46,0.0,0.0,0.0,12,2,0,What are all the religions in which Jacob and Abraham are important?,"[['dbp:veneratedIn'], ['dbp:veneratedIn']]",[],0.0,0.0,0.0,12,2,0,"[['dbp:veneratedIn'], ['dbp:veneratedIn']]",[]
47,0.0,0.0,0.0,18,2,0,Who was the president under which people won the United States House of Representatives elections in 1790 ?,"[['dbp:leader'], ['dbp:president']]",[],0.0,0.0,0.0,18,2,0,"[['dbp:leader'], ['dbp:president']]",[]
48,0.0,0.0,0.0,4,1,1,What's a jazz album,[['dbo:type']],['dbo:genre'],0.0,0.0,0.0,4,1,1,[['dbo:type']],['dbo:genre']
49,0.0,0.0,0.0,6,1,0,Which school did Robbie Diack attend?,[['dbp:school']],[],0.0,0.0,0.0,6,1,0,[['dbp:school']],[]
50,0.0,0.0,0.0,13,1,0,who all have been a manager of english under twenty one football team?,[['dbp:managerclubs']],[],0.0,0.0,0.0,13,1,0,[['dbp:managerclubs']],[]
51,0.0,0.0,0.0,13,1,0,"Was Francisco Pizarro of the monarch of Charles 5, of the roman empire?",[['dbo:monarch']],[],0.0,0.0,0.0,13,1,0,[['dbo:monarch']],[]
52,0.0,0.0,0.0,7,1,1,who is the composer of danny elfman,[['dbo:artist']],['dbo:writer'],0.0,0.0,0.0,7,1,1,[['dbo:artist']],['dbo:writer']
53,0.0,0.0,0.0,13,1,0,Who is the headcoach of 2014-15 Virginia Tech Hokies men's basketball team ?,[['dbp:headcoach']],[],0.0,0.0,0.0,13,1,0,[['dbp:headcoach']],[]
54,0.0,0.0,0.0,8,1,1,what style of paint does mary kelly paint,[['dbo:movement']],['dbo:architecturalStyle'],0.0,0.0,0.0,8,1,1,[['dbo:movement']],['dbo:field']
55,0.0,0.0,0.0,9,2,0,Where did the narrators of the Championship snooker die?,"[['dbp:narrated'], ['dbo:deathPlace']]",[],0.0,0.0,0.0,9,2,0,"[['dbp:narrated'], ['dbo:deathPlace']]",[]
56,0.0,0.0,0.0,9,1,0,Is Julia Gillard the prime minister of Kate Lundy?,[['dbo:primeMinister']],[],0.0,0.0,0.0,9,1,0,[['dbo:primeMinister']],[]
57,0.0,0.0,0.0,9,1,0,Does the Ontario International Airport serve the Inland Empire?,[['dbp:cityServed']],[],0.0,0.0,0.0,9,1,0,[['dbp:cityServed']],[]
58,0.0,0.0,0.0,17,2,0,What is the result of the GazaIsrael conflict is also  the  place of the Qaqun?,"[['dbp:result'], ['dbp:place']]",[],0.0,0.0,0.0,17,2,0,"[['dbp:result'], ['dbp:place']]",[]
59,0.0,0.0,0.0,17,2,0,Count the number of fileds of the scientist whose one of the interest is Chinese poetry ?,"[['dbp:fields'], ['dbp:fields']]",[],0.0,0.0,0.0,17,2,0,"[['dbp:fields'], ['dbp:fields']]",[]
60,0.0,0.0,0.0,4,1,0,which country locates hayashima,[['dbo:region']],[],0.0,0.0,0.0,4,1,2,[['dbo:region']],"['dbo:country', 'dbo:isPartOf']"
61,0.0,0.0,0.0,6,2,0,Where has GARAGE recorded its singles?,"[['dbo:producer'], ['dbo:recordedIn']]",[],0.0,0.0,0.0,6,2,0,"[['dbo:producer'], ['dbo:recordedIn']]",[]
62,0.0,0.0,0.0,5,1,1,what is terrie moffitt's nationality?,[['dbo:citizenship']],['dbo:nationality'],0.0,0.0,0.0,5,1,1,[['dbo:citizenship']],['dbo:birthPlace']
63,0.0,0.0,0.0,7,2,0,How many producers have casted Michael Jackson?,"[['dbp:starring'], ['dbp:producer']]",[],0.0,0.0,0.0,7,2,0,"[['dbp:starring'], ['dbp:producer']]",[]
64,0.0,0.0,0.0,8,1,0,what are some common surnames of female people?,[['dbp:gender']],[],0.0,0.0,0.0,8,1,0,[['dbp:gender']],[]
65,0.0,0.0,0.0,15,2,0,Name the licensee of the TV station whose one of the licensee is Incorporation ?,"[['dbp:licensee'], ['dbp:licensee']]",[],0.0,0.0,0.0,15,2,0,"[['dbp:licensee'], ['dbp:licensee']]",[]
66,0.0,0.0,0.0,8,1,0,What are the towns who have Thesaban system?,[['dbp:settlementType']],[],0.0,0.0,0.0,8,1,0,[['dbp:settlementType']],[]
67,0.0,0.0,0.0,6,1,0,Which valley is schuylkill located in,"[['dbo:country', 'dbo:isPartOf']]",[],0.0,0.0,0.0,6,1,0,"[['dbo:country', 'dbo:isPartOf']]",[]
68,0.0,0.0,0.0,13,1,0,What city in the greater los angeles area is used to film movies?,"[['dbo:city', 'dbo:isPartOf', 'dbo:location']]",[],0.0,0.0,0.0,13,1,0,"[['dbo:city', 'dbo:isPartOf', 'dbo:location']]",[]
69,0.0,0.0,0.0,6,1,2,what country is imun contained by,[['dbo:locatedInArea']],"['dbo:country', 'dbo:isPartOf']",0.0,0.0,0.0,6,1,2,[['dbo:locatedInArea']],"['dbo:country', 'dbo:isPartOf']"
70,0.0,0.0,0.0,11,2,0,What is the largest city of the birthplace of Pat Kirkwood?,"[['dbp:birthplace'], ['dbo:largestCity']]",[],0.0,0.0,0.0,11,2,0,"[['dbp:birthplace'], ['dbo:largestCity']]",[]
71,0.0,0.0,0.0,9,2,0,Who has Kelly Osbourne and Ozzy Osbourne as relatives?,"[['dbo:relative'], ['dbo:relative']]",[],0.0,0.0,0.0,9,2,0,"[['dbo:relative'], ['dbo:relative']]",[]
72,0.0,0.0,0.0,7,1,1,What song was written by vonda shepard?,[['dbo:artist']],['dbo:writer'],0.0,0.0,0.0,7,1,1,[['dbo:artist']],['dbo:writer']
73,0.0,0.0,0.0,9,2,0,Where were the doctoral students of James Langer born?,"[['dbo:doctoralStudent'], ['dbp:placeOfBirth']]",[],0.0,0.0,0.0,9,2,0,"[['dbo:doctoralStudent'], ['dbp:placeOfBirth']]",[]
74,0.0,0.0,0.0,18,2,0,Name the television show whose subsequent work is Frasier and opening theme is Where Everybody Knows Your Name?,"[['dbo:openingTheme'], ['dbo:subsequentWork']]",[],0.0,0.0,0.0,18,2,0,"[['dbo:openingTheme'], ['dbo:subsequentWork']]",[]
75,0.0,0.0,0.0,3,1,1,where is grenzgipfel,[['dbo:locatedInArea']],['dbo:country'],0.0,0.0,0.0,3,1,1,[['dbo:locatedInArea']],['dbo:country']
76,0.0,0.0,0.0,9,1,0,Name the commander of Battle of the Thames ?,[['dbo:commander']],[],0.0,0.0,0.0,9,1,0,[['dbo:commander']],[]
77,0.0,0.0,0.0,12,2,1,In which city was the film star of Singhasan Battisi born ?,"[['dbo:starring'], ['dbp:birthPlace']]",['dbo:birthPlace'],0.0,0.0,0.0,12,2,0,"[['dbo:starring'], ['dbp:birthPlace']]",[]
78,0.0,0.0,0.0,16,2,0,Whichi office of Walter Evnas Edge is also the part of Atlantic seaboard fall lines ?,"[['dbo:part'], ['dbp:office']]",[],0.0,0.0,0.0,16,2,0,"[['dbo:part'], ['dbp:office']]",[]
79,0.0,0.0,0.0,14,2,0,"In which of the parties that have governed over Rishikesh, does Govinda belong too?","[['dbo:party'], ['dbo:leaderName']]",[],0.0,0.0,0.0,14,2,0,"[['dbo:party'], ['dbo:leaderName']]",[]
80,0.0,0.0,0.0,14,2,0,List the destinations to which the airlines headquartered at the Gatwick Airport fly to?,"[['dbp:headquarters'], ['dbo:destination']]",[],0.0,0.0,0.0,14,2,0,"[['dbp:headquarters'], ['dbo:destination']]",[]
81,0.0,0.0,0.0,6,1,0,When did Latvia join the EU?,[['dbp:accessioneudate']],[],0.0,0.0,0.0,6,1,0,[['dbp:accessioneudate']],[]
82,0.0,0.0,0.0,16,2,0,Name the president who has relations with Clinton family and had a lieutenant named Winston Bryant?,"[['dbo:lieutenant'], ['dbo:relation']]",[],0.0,0.0,0.0,16,2,0,"[['dbo:lieutenant'], ['dbo:relation']]",[]
83,0.0,0.0,0.0,9,1,0,what type of disaster was the san juanico disaster?,[['dbo:birthPlace']],[],0.0,0.0,0.0,9,1,0,[['dbo:birthPlace']],[]
84,0.0,0.0,0.0,7,1,0,In which department does Raymond Baldwin work?,[['dbp:branch']],[],0.0,0.0,0.0,7,1,0,[['dbp:branch']],[]
85,0.5,0.5,0.5,12,2,2,Which awards have been given to both Ingmar Bergman and Charles LeMaire?,"[['dbp:awards'], ['dbp:awards']]","['dbo:award', 'dbp:awards']",0.5,0.5,0.5,12,2,2,"[['dbp:awards'], ['dbp:awards']]","['dbo:award', 'dbp:awards']"
86,0.0,0.0,0.0,17,2,0,Which composer subsequent work of Moondog Matinee and also composed The TImes They are A changin ?,"[['dbo:subsequentWork'], ['dbo:musicBy']]",[],0.0,0.0,0.0,17,2,0,"[['dbo:subsequentWork'], ['dbo:musicBy']]",[]
87,0.0,0.0,0.0,11,2,0,Who is the head coach of the teams in Middlesbrough FC?,"[['dbp:club'], ['dbo:manager']]",[],0.0,0.0,0.0,11,2,0,"[['dbp:club'], ['dbo:manager']]",[]
88,0.0,0.0,0.0,19,2,0,How many other wine region are there of the grapes whose one of the wine region is Michigan ?,"[['dbo:wineRegion'], ['dbo:wineRegion']]",[],0.0,0.0,0.0,19,2,0,"[['dbo:wineRegion'], ['dbo:wineRegion']]",[]
89,0.0,0.0,0.0,7,1,0,Is Esther Alder the mayor of Geneva?,[['dbp:mayor']],[],0.0,0.0,0.0,7,1,0,[['dbp:mayor']],[]
90,0.0,0.0,0.0,11,2,0,What is written in a programming language developed by GNOME Project?,"[['dbp:developer'], ['dbp:programmingLanguage']]",[],0.0,0.0,0.0,11,2,0,"[['dbp:developer'], ['dbp:programmingLanguage']]",[]
91,0.0,0.0,0.0,10,1,0,from what town in South West England is nick hewer,[['dbo:birthPlace']],[],0.0,0.0,0.0,10,1,0,[['dbo:birthPlace']],[]
92,0.0,0.0,0.0,9,1,0,Which organisation has superintendent as Lieutenant general (United States)?,[['dbo:superintendent']],[],0.0,0.0,0.0,9,1,0,[['dbo:superintendent']],[]
93,0.0,0.0,0.0,5,1,1,where is lucybell originally from,[['dbo:hometown']],['dbo:birthPlace'],0.0,0.0,0.0,5,1,1,[['dbo:hometown']],['dbo:birthPlace']
94,0.0,0.0,0.0,8,1,0,Who is the monarch of Bertalan Szemere ?,[['dbo:monarch']],[],0.0,0.0,0.0,8,1,0,[['dbo:monarch']],[]
95,0.0,0.0,0.0,9,2,0,Which river flows through both eastern and western washington?,"[['dbo:river'], ['dbo:river']]",[],0.0,0.0,0.0,9,2,0,"[['dbo:river'], ['dbo:river']]",[]
96,0.0,0.0,0.0,8,1,0,What are some scientists who have stateless citizenship?,[['dbo:citizenship']],[],0.0,0.0,0.0,8,1,0,[['dbo:citizenship']],[]
97,0.0,0.0,0.0,9,1,1,Which country does p. s. veerappa have nationality in,[['dbo:birthPlace']],['dbo:nationality'],0.0,0.0,0.0,9,1,0,[['dbo:birthPlace']],[]
98,0.0,0.0,0.0,5,1,1,Where is carlos garaikoetxea from,[['dbo:nationality']],['dbo:birthPlace'],0.0,0.0,0.0,5,1,1,[['dbo:nationality']],['dbo:birthPlace']
99,0.0,0.0,0.0,5,1,2,where did Alfred Tarnowski die?,[['dbp:placeOfDeath']],"['dbo:deathPlace', 'dbp:deathPlace']",0.0,0.0,0.0,5,1,0,[['dbp:placeOfDeath']],[]
100,0.0,0.0,0.0,11,1,0,What are the track and field events of Jamiatu Muslim Mindanao?,[['dbp:athletics']],[],0.0,0.0,0.0,11,1,0,[['dbp:athletics']],[]
101,0.0,0.0,0.0,8,1,0,Name the ssignificant buildings of Ivan Fomin ?,[['dbo:significantBuilding']],[],0.0,0.0,0.0,8,1,0,[['dbo:significantBuilding']],[]
102,0.0,0.0,0.0,9,2,0,Which city has radio stations which are Religious ?,"[['dbp:format'], ['dbp:city']]",[],0.0,0.0,0.0,9,2,0,"[['dbp:format'], ['dbp:city']]",[]
103,0.0,0.0,0.0,17,2,0,List the total number of regions of the building whose are located in\Grand Forks Air Force Base?,"[['dbo:region'], ['dbo:region']]",[],0.0,0.0,0.0,17,2,0,"[['dbo:region'], ['dbo:region']]",[]
104,0.0,0.0,0.0,6,1,1,What's an album that features dalida,[['dbo:type']],['dbo:artist'],0.0,0.0,0.0,6,1,1,[['dbo:type']],['dbo:genre']
105,0.0,0.0,0.0,7,1,0,who operates the south side elevated railroad?,[['dbo:operatedBy']],[],0.0,0.0,0.0,7,1,0,[['dbo:operatedBy']],[]
106,0.0,0.0,0.0,8,1,1,what type of game is quest: brian's journey,[['dbp:modes']],['dbo:genre'],0.0,0.0,0.0,8,1,1,[['dbp:modes']],['dbo:genre']
107,0.0,0.0,0.0,5,1,0,Who wrote the magic show?,[['dbo:author']],[],0.0,0.0,0.0,5,1,1,[['dbo:author']],['dbo:writer']
108,0.0,0.0,0.0,7,1,0,Bickle Knob is contained by which state?,"[['dbo:region', 'dbo:state']]",[],0.0,0.0,0.0,7,1,1,"[['dbo:region', 'dbo:state']]",['dbo:country']
109,0.0,0.0,0.0,7,1,1,What film did burton lane contribute to,[['dbo:musicComposer']],['dbo:writer'],0.0,0.0,0.0,7,1,1,[['dbo:musicComposer']],['dbo:writer']
110,0.0,0.0,0.0,5,1,2,where is sam chan from?,[['dbo:country']],"['dbo:birthPlace', 'dbo:hometown']",0.0,0.0,0.0,5,1,1,[['dbo:country']],['dbo:birthPlace']
111,0.0,0.0,0.0,7,1,1,The nationality of abdul halim sharar is?,[['dbo:nationality']],['dbo:birthPlace'],0.0,0.0,0.0,7,1,0,[['dbo:nationality']],[]
112,0.0,0.0,0.0,10,2,0,"What political party has governed both in Baraily,MP and Jowai?","[['dbo:leaderName'], ['dbo:leaderName']]",[],0.0,0.0,0.0,10,2,0,"[['dbo:leaderName'], ['dbo:leaderName']]",[]
113,0.0,0.0,0.0,6,1,0,what county is john hardin from,[['dbp:namedFor']],[],0.0,0.0,0.0,6,1,1,[['dbp:namedFor']],['dbo:birthPlace']
114,0.0,0.0,0.0,11,2,0,List the area of radio stations whose sister station is WBCQ-FM?,"[['dbp:sisterStations'], ['dbp:area']]",[],0.0,0.0,0.0,11,2,0,"[['dbp:sisterStations'], ['dbp:area']]",[]
115,0.0,0.0,0.0,17,2,0,Name the basketball team which is coached by Louis Dunbar and has president as Jeff Munn ?,"[['dbp:coach'], ['dbp:president']]",[],0.0,0.0,0.0,17,2,0,"[['dbp:coach'], ['dbp:president']]",[]
116,0.0,0.0,0.0,9,1,0,Was robert sarvis a nominee of the US Senate?,[['dbo:nominee']],[],0.0,0.0,0.0,9,1,0,[['dbo:nominee']],[]
117,0.0,0.0,0.0,11,1,0,Was Michael Schumacher the Pole driver of 1994 Spanish Grand Prix?,[['dbp:poleDriver']],[],0.0,0.0,0.0,11,1,0,[['dbp:poleDriver']],[]
118,0.0,0.0,0.0,9,2,0,Which  NASA astronaut was on mission Gemini 8?,"[['dbp:mission'], ['dbp:type']]",[],0.0,0.0,0.0,9,2,0,"[['dbp:mission'], ['dbp:type']]",[]
119,0.0,0.0,0.0,10,1,0,What is the district of Methodist Central Hall Westminster ?,[['dbo:district']],[],0.0,0.0,0.0,10,1,0,[['dbo:district']],[]
120,0.0,0.0,0.0,7,1,1,what is bo brundin's country of nationality,[['dbo:nationality']],['dbo:birthPlace'],0.0,0.0,0.0,7,1,1,[['dbo:nationality']],['dbo:birthPlace']
121,0.0,0.0,0.0,18,2,0,Which appointer of the Joseph Clay (Georgia) is also the  President of the William Carmichael (diplomat) ?,"[['dbo:appointer'], ['dbp:president']]",[],0.0,0.0,0.0,18,2,0,"[['dbo:appointer'], ['dbp:president']]",[]
122,0.0,0.0,0.0,5,1,1,where is maurice tempelsman from,[['dbo:nationality']],['dbo:birthPlace'],0.0,0.0,0.0,5,1,1,[['dbo:nationality']],['dbo:birthPlace']
123,0.0,0.0,0.0,10,1,0,In which television shows has Eliza Schneider given her voice?,[['dbp:voices']],[],0.0,0.0,0.0,10,1,0,[['dbp:voices']],[]
124,0.0,0.0,0.0,9,2,0,Which city's neighboring municipalities are Lancy and  Pregny-Chambsy?,"[['dbo:neighboringMunicipality'], ['dbp:neighboringMunicipalities']]",[],0.0,0.0,0.0,9,2,0,"[['dbo:neighboringMunicipality'], ['dbp:neighboringMunicipalities']]",[]
125,0.0,0.0,0.0,7,1,0,Which basketball team's coach is Kurt Rambis?,[['dbo:coach']],[],0.0,0.0,0.0,7,1,0,[['dbo:coach']],[]
126,0.0,0.0,0.0,11,2,0,"What region was Gloria Schaffer born in, which also contains Newington?","[['dbp:birthPlace'], ['dbo:isPartOf']]",[],0.0,0.0,0.0,11,2,0,"[['dbp:birthPlace'], ['dbo:isPartOf']]",[]
127,0.0,0.0,0.0,15,2,0,Who are the people whose alumna is a part of the National Collegiate Athletic Association?,"[['dbo:athletics'], ['dbp:education']]",[],0.0,0.0,0.0,15,2,0,"[['dbo:athletics'], ['dbp:education']]",[]
128,0.0,0.0,0.0,7,1,1,Where was bryn lewis when he died,[['dbp:deathPlace']],['dbo:deathPlace'],0.0,0.0,0.0,7,1,1,[['dbp:deathPlace']],['dbo:deathPlace']
129,0.0,0.0,0.0,8,2,0,Where do the CNN employees typically graduate from?,"[['dbp:employer'], ['dbo:almaMater']]",[],0.0,0.0,0.0,8,2,0,"[['dbp:employer'], ['dbo:almaMater']]",[]
130,0.0,0.0,0.0,11,2,0,What have been made in the state whose capital is Boston?,"[['dbp:capital'], ['dbo:location']]",[],0.0,0.0,0.0,11,2,0,"[['dbp:capital'], ['dbo:location']]",[]
131,0.0,0.0,0.0,13,2,0,To which places do the flights go by airlines headquartered in the UK?,"[['dbp:headquarters'], ['dbp:destinations']]",[],0.0,0.0,0.0,13,2,0,"[['dbp:headquarters'], ['dbp:destinations']]",[]
132,0.0,0.0,0.0,17,2,0,"Which cities come in the course of the river, into which Big Creek around Texas flows too?","[['dbo:rightTributary'], ['dbo:city']]",[],0.0,0.0,0.0,17,2,0,"[['dbo:rightTributary'], ['dbo:city']]",[]
133,0.0,0.0,0.0,11,1,1,Which tv series have a score composed by judy hard angelo?,[['dbo:composer']],['dbo:musicComposer'],0.0,0.0,0.0,11,1,0,[['dbo:composer']],[]
134,0.0,0.0,0.0,9,1,1,Who is the writer of The Sandman (Vertigo) ?,[['dbp:writers']],['dbp:writer'],0.0,0.0,0.0,9,1,0,[['dbp:writers']],[]
135,0.0,0.0,0.0,9,1,0,Give me all breeds of the German Shepherd dog.,[['dbp:breed']],[],0.0,0.0,0.0,9,1,0,[['dbp:breed']],[]
136,0.0,0.0,0.0,6,1,0,Where was r. seth williams born?,[['dbo:nationality']],[],0.0,0.0,0.0,6,1,1,[['dbo:nationality']],['dbo:birthPlace']
137,0.0,0.0,0.0,11,1,0,What is the baseball team whose club manager is Chip Hale?,[['dbp:manager']],[],0.0,0.0,0.0,11,1,0,[['dbp:manager']],[]
138,0.0,0.0,0.0,8,2,0,Which magazine's editor's official residence is Playboy Mansion?,"[['dbp:editor'], ['dbo:residence']]",[],0.0,0.0,0.0,8,2,0,"[['dbp:editor'], ['dbo:residence']]",[]
139,0.0,0.0,0.0,10,1,1,in what state would you find san isabel national forest,[['dbo:location']],['dbo:country'],0.0,0.0,0.0,10,1,2,[['dbo:location']],"['dbo:country', 'dbo:isPartOf']"
140,0.0,0.0,0.0,11,2,0,Which river's source place is Gloucestershire and mouth in North Sea?,"[['dbo:riverMouth'], ['dbo:sourcePlace']]",[],0.0,0.0,0.0,11,2,0,"[['dbo:riverMouth'], ['dbo:sourcePlace']]",[]
141,0.0,0.0,0.0,9,1,1,How many people are buried in Arlington National Cemetery?,[['dbp:placeofburial']],['dbo:restingPlace'],0.0,0.0,0.0,9,1,1,[['dbp:placeofburial']],['dbo:restingPlace']
142,0.0,0.0,0.0,8,1,0,Is jim harbaugh currently in the Michigan Wolverines?,[['dbp:currentteam']],[],0.0,0.0,0.0,8,1,0,[['dbp:currentteam']],[]
143,0.0,0.0,0.0,5,1,1,Where did davie banda die,[['dbo:birthPlace']],['dbo:deathPlace'],0.0,0.0,0.0,5,1,1,[['dbo:birthPlace']],['dbo:deathPlace']
144,0.0,0.0,0.0,8,1,0,"what type of style is jama masjid, delhi?",[['dbp:architectureStyle']],[],0.0,0.0,0.0,8,1,1,[['dbp:architectureStyle']],['dbo:architecturalStyle']
145,0.0,0.0,0.0,7,1,0,Name the wine regions of Bogdanua ?,[['dbo:wineRegion']],[],0.0,0.0,0.0,7,1,0,[['dbo:wineRegion']],[]
146,0.0,0.0,0.0,7,1,1,what is the nationality of kim jong-pil,[['dbo:country']],['dbo:nationality'],0.0,0.0,0.0,7,1,1,[['dbo:country']],['dbo:birthPlace']
147,0.0,0.0,0.0,9,1,0,Butch Otter is the governor of which U.S. state?,[['dbp:governor']],[],0.0,0.0,0.0,9,1,0,[['dbp:governor']],[]
148,0.0,0.0,0.0,22,2,0,Give me a list of all the people driving at pole positions in the Grand Prixes where Renault was a first team?,"[['dbp:firstTeam'], ['dbo:poleDriver']]",[],0.0,0.0,0.0,22,2,0,"[['dbp:firstTeam'], ['dbo:poleDriver']]",[]
149,0.0,0.0,0.0,8,1,0,What is the club of Perianne Jones ?,[['dbp:club']],[],0.0,0.0,0.0,8,1,0,[['dbp:club']],[]
150,0.0,0.0,0.0,8,1,1,What is Bob Adams (American football) known for?,[['dbp:knownFor']],['dbo:occupation'],0.0,0.0,0.0,8,1,1,[['dbp:knownFor']],['dbo:occupation']
151,0.0,0.0,0.0,8,1,1,Which country did anthony acid have nationality in,[['dbo:hometown']],['dbo:birthPlace'],0.0,0.0,0.0,8,1,1,[['dbo:hometown']],['dbo:birthPlace']
152,0.0,0.0,0.0,10,1,1,What is the country whose leader name is Grard Larcher?,[['dbp:leaderName']],['dbo:leader'],0.0,0.0,0.0,10,1,0,[['dbp:leaderName']],[]
153,0.0,0.0,0.0,6,1,0,where does lake peigneur flow into,[['dbo:outflow']],[],0.0,0.0,0.0,6,1,0,[['dbo:outflow']],[]
154,0.0,0.0,0.0,12,1,0,Who was the First Driver of 1999 San Marino Grand Prix ?,[['dbp:firstDriver']],[],0.0,0.0,0.0,12,1,0,[['dbp:firstDriver']],[]
155,0.0,0.0,0.0,4,1,0,Where does Piccadilly start?,[['dbo:routeStart']],[],0.0,0.0,0.0,4,1,1,[['dbo:routeStart']],['dbo:hometown']
156,0.0,0.0,0.0,13,2,0,What show has Sirius XM Holdings and Fox Sports Radio as channels ?,"[['dbo:channel'], ['dbo:channel']]",[],0.0,0.0,0.0,13,2,0,"[['dbo:channel'], ['dbo:channel']]",[]
157,0.0,0.0,0.0,13,2,0,List the awards received of the person whose child is Daine Disney Miller?,"[['dbp:children'], ['dbo:award']]",[],0.0,0.0,0.0,13,2,0,"[['dbp:children'], ['dbo:award']]",[]
158,0.0,0.0,0.0,7,1,0,Which countries were led by Pietro Parolin?,[['dbo:leader']],[],0.0,0.0,0.0,7,1,0,[['dbo:leader']],[]
159,0.0,0.0,0.0,9,1,1,from what south american country is amado nervo from,[['dbo:deathPlace']],['dbo:birthPlace'],0.0,0.0,0.0,9,1,1,[['dbo:deathPlace']],['dbo:birthPlace']
160,0.0,0.0,0.0,15,2,1,List all the movies whose music has been made up with someone under RCA records?,"[['dbp:music'], ['dbo:recordLabel']]",['dbp:label'],0.0,0.0,0.0,15,2,0,"[['dbp:music'], ['dbo:recordLabel']]",[]
161,0.0,0.0,0.0,5,1,1,What nationality is miland petrozza,[['dbo:hometown']],['dbo:nationality'],0.0,0.0,0.0,5,1,1,[['dbo:hometown']],['dbo:birthPlace']
162,0.0,0.0,0.0,7,1,1,what is the nationality of adam silverman,[['dbo:country']],['dbo:nationality'],0.0,0.0,0.0,7,1,1,[['dbo:country']],['dbo:birthPlace']
163,0.0,0.0,0.0,17,2,0,With which musical artist is the music group which sung Mind Blowin' related to ?  ,"[['dbo:musicalArtist'], ['dbo:associatedMusicalArtist']]",[],0.0,0.0,0.0,17,2,0,"[['dbo:musicalArtist'], ['dbo:associatedMusicalArtist']]",[]
164,0.0,0.0,0.0,9,1,1,where is the place of birth of john madden,[['dbo:nationality']],['dbo:birthPlace'],0.0,0.0,0.0,9,1,1,[['dbo:nationality']],['dbo:birthPlace']
165,0.0,0.0,0.0,10,2,0,How many movies have a screenplay located in the States?,"[['dbp:screenplay'], ['dbo:birthPlace']]",[],0.0,0.0,0.0,10,2,0,"[['dbp:screenplay'], ['dbo:birthPlace']]",[]
166,0.0,0.0,0.0,20,2,0,"Who was the prime minister of Victor Hope, 2nd Marquess of Linlithgow and also the editor of British Gazette ?","[['dbp:editor'], ['dbp:primeminister']]",[],0.0,0.0,0.0,20,2,0,"[['dbp:editor'], ['dbp:primeminister']]",[]
167,0.0,0.0,0.0,6,1,1,Which state was santonio thomas from,[['dbp:birthPlace']],['dbo:birthPlace'],0.0,0.0,0.0,6,1,1,[['dbp:birthPlace']],['dbo:birthPlace']
168,0.0,0.0,0.0,12,2,0,In which state is the alma matter of Jan Paulsen located ?,"[['dbo:almaMater'], ['dbp:state']]",[],0.0,0.0,0.0,12,2,0,"[['dbo:almaMater'], ['dbp:state']]",[]
169,0.0,0.0,0.0,6,2,0,Where do bachelor of arts live?,"[['dbp:almaMater'], ['dbo:residence']]",[],0.0,0.0,0.0,6,2,0,"[['dbp:almaMater'], ['dbo:residence']]",[]
170,0.0,0.0,0.0,10,1,1,What type of rock is new ipswich mountain made of,[['dbo:type']],['dbo:genre'],0.0,0.0,0.0,10,1,0,[['dbo:type']],[]
171,0.0,0.0,0.0,12,2,1,How many things are crossed over by bridges which can carry cars?,"[['dbp:carries'], ['dbp:crosses']]",['dbo:crosses'],0.0,0.0,0.0,12,2,0,"[['dbp:carries'], ['dbp:crosses']]",[]
172,0.0,0.0,0.0,9,1,0,What is the smallest city by area in Germany?,[['dbo:areaTotal']],[],0.0,0.0,0.0,9,1,0,[['dbo:areaTotal']],[]
173,0.0,0.0,0.0,12,2,0,Give me the sitcoms where Eliza Schneider and Isaac Hayes gave voice?,"[['dbp:voices'], ['dbp:voices']]",[],0.0,0.0,0.0,12,2,0,"[['dbp:voices'], ['dbp:voices']]",[]
174,0.0,0.0,0.0,13,2,0,"What company brought Riddim Ribbon to the market, and developed the batch monitor?","[['dbp:developer'], ['dbp:distributor']]",[],0.0,0.0,0.0,13,2,0,"[['dbp:developer'], ['dbp:distributor']]",[]
175,0.0,0.0,0.0,5,1,1,what is powell clayton's nationality,[['dbo:nationality']],['dbo:birthPlace'],0.0,0.0,0.0,5,1,1,[['dbo:nationality']],['dbo:birthPlace']
176,0.0,0.0,0.0,16,2,0,Which part of the US political framework did Arthur Bagby and Thomas H hicks both serve?,"[['dbp:order'], ['dbp:order']]",[],0.0,0.0,0.0,16,2,0,"[['dbp:order'], ['dbp:order']]",[]
177,0.0,0.0,0.0,12,1,0,"Did James brown make the song Killing is Out, School Is In?",[['dbo:musicalBand']],[],0.0,0.0,0.0,12,1,0,[['dbo:musicalBand']],[]
178,0.0,0.0,0.0,10,1,1,what city in new york did joseph francis flannelly die,[['dbp:deathPlace']],['dbo:deathPlace'],0.0,0.0,0.0,10,1,1,[['dbp:deathPlace']],['dbo:deathPlace']
179,0.0,0.0,0.0,15,2,0,"Which political party of kumta had affiliation with Indian general election, 2004 (Andhra Pradesh) ","[['dbo:affiliation'], ['dbp:governmentType']]",[],0.0,0.0,0.0,15,2,1,"[['dbo:affiliation'], ['dbp:governmentType']]",['dbo:ideology']
180,0.0,0.0,0.0,8,1,1,Who's an actress that worked at blandford cemetery,[['dbo:restingPlace']],['dbo:occupation'],0.0,0.0,0.0,8,1,0,[['dbo:restingPlace']],[]
181,0.0,0.0,0.0,5,1,0,What organisations purpose is Peace?,[['dbp:purpose']],[],0.0,0.0,0.0,5,1,0,[['dbp:purpose']],[]
182,0.0,0.0,0.0,8,1,0,What is the region of Lumberjack  ?,[['dbp:region']],[],0.0,0.0,0.0,8,1,0,[['dbp:region']],[]
183,0.0,0.0,0.0,9,1,0,"Name the local authority of Trinity School, Brentwood ?",[['dbo:localAuthority']],[],0.0,0.0,0.0,9,1,0,[['dbo:localAuthority']],[]
184,0.0,0.0,0.0,9,1,0,What is the draft team of Gene Conley ?,[['dbp:draftTeam']],[],0.0,0.0,0.0,9,1,0,[['dbp:draftTeam']],[]
185,0.0,0.0,0.0,11,2,0,How many members are there of the organization headquartered at Amstelveen?,"[['dbp:headquarters'], ['dbp:membership']]",[],0.0,0.0,0.0,11,2,0,"[['dbp:headquarters'], ['dbp:membership']]",[]
186,0.0,0.0,0.0,16,2,0,Who gave guest appearances on the show which is the next episode after the Bombshell one?,"[['dbo:previousWork'], ['dbp:guests']]",[],0.0,0.0,0.0,16,2,0,"[['dbo:previousWork'], ['dbp:guests']]",[]
187,0.0,0.0,0.0,14,2,1,List the graves of the royalities which have been buried at Beeleigh Abbey ?,"[['dbp:placeOfBurial'], ['dbp:placeOfBurial']]",['dbo:restingPlace'],0.0,0.0,0.0,14,2,1,"[['dbp:placeOfBurial'], ['dbp:placeOfBurial']]",['dbo:restingPlace']
188,0.0,0.0,0.0,5,1,0,Which programming languages influenced Javascript?,[['dbo:influenced']],[],0.0,0.0,0.0,5,1,0,[['dbo:influenced']],[]
189,0.0,0.0,0.0,11,1,0,Is Michael Schumacher the first driver of the 1994 grand prix?,[['dbp:firstDriver']],[],0.0,0.0,0.0,11,1,0,[['dbp:firstDriver']],[]
190,0.0,0.0,0.0,9,2,0,List the opponents of the relatives of Thomas Helwys?,"[['dbo:relation'], ['dbo:opponent']]",[],0.0,0.0,0.0,9,2,0,"[['dbo:relation'], ['dbo:opponent']]",[]
191,0.0,0.0,0.0,7,1,1,what is an album by jerry garcia?,[['dbo:type']],['dbo:artist'],0.0,0.0,0.0,7,1,1,[['dbo:type']],['dbo:artist']
192,0.0,0.0,0.0,8,1,0,List the ceremonial county of East Tilbury ?,[['dbo:ceremonialCounty']],[],0.0,0.0,0.0,8,1,0,[['dbo:ceremonialCounty']],[]
193,0.0,0.0,0.0,12,2,0,Who are the players whose current clubs have Ferran Soriano as chairman?,"[['dbp:currentclub'], ['dbp:chairman']]",[],0.0,0.0,0.0,12,2,0,"[['dbp:currentclub'], ['dbp:chairman']]",[]
194,0.0,0.0,0.0,7,1,0,list the founders of Bream Bay ?,[['dbp:founder']],[],0.0,0.0,0.0,7,1,1,[['dbp:founder']],['dbo:foundedBy']
195,0.0,0.0,0.0,6,2,0,What products do US companies make?,"[['dbo:location'], ['dbo:product']]",[],0.0,0.0,0.0,6,2,0,"[['dbo:location'], ['dbo:product']]",[]
196,0.0,0.0,0.0,10,1,0,what is the developer company of the portal video game,[['dbo:publisher']],[],0.0,0.0,0.0,10,1,1,[['dbo:publisher']],['dbo:developer']
197,0.0,0.0,0.0,13,2,0,"Where is the assembly of Plymouth Savoy, and where Special 26 was recorded?","[['dbo:assembly'], ['dbp:recorded']]",[],0.0,0.0,0.0,13,2,0,"[['dbo:assembly'], ['dbp:recorded']]",[]
198,0.0,0.0,0.0,11,1,1,whats the name of an album by sherine and tamer hosny,[['dbo:type']],['dbo:artist'],0.0,0.0,0.0,11,1,1,[['dbo:type']],['dbo:artist']
199,0.0,0.0,0.0,17,2,0,Which is the city closest to both the Lodaiska site and the home of David w brown?,"[['dbo:nearestCity'], ['dbo:nearestCity']]",[],0.0,0.0,0.0,17,2,0,"[['dbo:nearestCity'], ['dbo:nearestCity']]",[]
200,0.0,0.0,0.0,7,1,0,Was the Incredibles released before Finding Nemo?,[['dbo:previousWork']],[],0.0,0.0,0.0,7,1,0,[['dbo:previousWork']],[]
201,0.0,0.0,0.0,8,1,0,Who is the famous relative of Kelly Osbourne?,[['dbp:relatives']],[],0.0,0.0,0.0,8,1,0,[['dbp:relatives']],[]
202,0.0,0.0,0.0,12,1,0,Is Stephanie Rice the flagbearer of Australia at the 2008 Summer Olympics?,[['dbp:flagbearer']],[],0.0,0.0,0.0,12,1,0,[['dbp:flagbearer']],[]
203,0.0,0.0,0.0,11,1,1,Who was the production company for the film house party 2?,[['dbo:distributor']],['dbp:studio'],0.0,0.0,0.0,11,1,1,[['dbo:distributor']],['dbp:studio']
204,0.0,0.0,0.0,11,2,0,What is the common school of Chris Marve and Neria Douglass?,"[['dbo:school'], ['dbo:almaMater']]",[],0.0,0.0,0.0,11,2,0,"[['dbo:school'], ['dbo:almaMater']]",[]
205,0.0,0.0,0.0,13,2,0,Name the islands that belong to the archipelago whose largest city is Papeete?,"[['dbo:largestCity'], ['dbp:archipelago']]",[],0.0,0.0,0.0,13,2,0,"[['dbo:largestCity'], ['dbp:archipelago']]",[]
206,0.0,0.0,0.0,9,1,0,what was the next episode after  the inheritors,[['dbo:subsequentWork']],[],0.0,0.0,0.0,9,1,0,[['dbo:subsequentWork']],[]
207,0.0,0.0,0.0,12,2,0,Who founded the city at the end of the Pittsburgh Line route?,"[['dbo:routeEnd'], ['dbo:founder']]",[],0.0,0.0,0.0,12,2,0,"[['dbo:routeEnd'], ['dbo:founder']]",[]
208,0.0,0.0,0.0,6,1,0,When did Finland join the EU?,[['dbp:accessioneudate']],[],0.0,0.0,0.0,6,1,0,[['dbp:accessioneudate']],[]
209,0.0,0.0,0.0,15,1,0,In which city did The Ultimate Fighter: Team Rousey vs. Team Tate take place ?,[['dbp:city']],[],0.0,0.0,0.0,15,1,0,[['dbp:city']],[]
210,0.0,0.0,0.0,10,2,1,Which team did Wilfred McDonalds and Cam Plante play for?,"[['dbp:playedFor'], ['dbp:playedFor']]",['dbo:team'],0.0,0.0,0.0,10,2,0,"[['dbp:playedFor'], ['dbp:playedFor']]",[]
211,0.0,0.0,0.0,12,2,0,Name the common current team of the Shaun Thong and Kaannder ?,"[['dbp:currentTeam'], ['dbp:currentTeam']]",[],0.0,0.0,0.0,12,2,0,"[['dbp:currentTeam'], ['dbp:currentTeam']]",[]
212,0.0,0.0,0.0,6,1,0,How many people live in Eurasia?,[['dbo:populationTotal']],[],0.0,0.0,0.0,6,1,0,[['dbo:populationTotal']],[]
213,0.0,0.0,0.0,12,2,0,How many countries surround the sea into which the Upper Neratva flow?,"[['dbo:riverMouth'], ['dbo:country']]",[],0.0,0.0,0.0,12,2,0,"[['dbo:riverMouth'], ['dbo:country']]",[]
214,0.0,0.0,0.0,8,2,0,Who has rented the stadiums owned by Toronto?,"[['dbp:owner'], ['dbp:tenants']]",[],0.0,0.0,0.0,8,2,0,"[['dbp:owner'], ['dbp:tenants']]",[]
215,0.0,0.0,0.0,9,2,0,Where do the rivers from greater London flow into?,"[['dbp:sourceRegion'], ['dbp:mouthLocation']]",[],0.0,0.0,0.0,9,2,0,"[['dbp:sourceRegion'], ['dbp:mouthLocation']]",[]
216,0.0,0.0,0.0,9,2,0,Where is the tomb of son of Bruce Lee?,"[['dbo:parent'], ['dbo:restingPlace']]",[],0.0,0.0,0.0,9,2,0,"[['dbo:parent'], ['dbo:restingPlace']]",[]
217,0.0,0.0,0.0,10,1,0,Does the Sicklefin lemon shark belong in the animal kingdom?,[['dbo:kingdom']],[],0.0,0.0,0.0,10,1,0,[['dbo:kingdom']],[]
218,0.0,0.0,0.0,6,1,1,what book did donna williams write,[['dbo:notableWork']],['dbo:author'],0.0,0.0,0.0,6,1,1,[['dbo:notableWork']],['dbo:author']
219,0.0,0.0,0.0,10,1,0,is blue lagoon island a part of the bahamas achipelago?,[['dbo:archipelago']],[],0.0,0.0,0.0,10,1,1,[['dbo:archipelago']],['dbo:location']
220,0.0,0.0,0.0,9,1,1,What is the profession of William Luther Hill ?,[['dbo:profession']],['dbo:occupation'],0.0,0.0,0.0,9,1,1,[['dbo:profession']],['dbo:occupation']
221,0.0,0.0,0.0,8,1,0,Does Walson Augustin play for the Brothers Union?,[['dbp:currentclub']],[],0.0,0.0,0.0,8,1,0,[['dbp:currentclub']],[]
222,0.0,0.0,0.0,14,2,1,Count the  origin of the beverages which have been originated in england /,"[['dbp:origin'], ['dbp:origin']]",['dbo:hometown'],0.0,0.0,0.0,14,2,0,"[['dbp:origin'], ['dbp:origin']]",[]
223,0.0,0.0,0.0,6,1,1,What country is mark ayres from?,[['dbo:nationality']],['dbo:hometown'],0.0,0.0,0.0,6,1,1,[['dbo:nationality']],['dbo:birthPlace']
224,0.0,0.0,0.0,11,2,0,On which river are there things belonging to zambezi river authority?,"[['dbp:owner'], ['dbo:river']]",[],0.0,0.0,0.0,11,2,0,"[['dbp:owner'], ['dbo:river']]",[]
225,0.0,0.0,0.0,11,1,1,What type of album is the very best of bonnie tyler?,[['dbo:type']],['dbo:genre'],0.0,0.0,0.0,11,1,1,[['dbo:type']],['dbo:genre']
226,0.0,0.0,0.0,13,2,0,Which associate of Thomas bryan Martin is also the president of Carmichael ?,"[['dbo:associate'], ['dbp:president']]",[],0.0,0.0,0.0,13,2,0,"[['dbo:associate'], ['dbp:president']]",[]
227,0.0,0.0,0.0,10,2,0,Which awards did the children of Erik Bergman won ?,"[['dbp:children'], ['dbp:awards']]",[],0.0,0.0,0.0,10,2,0,"[['dbp:children'], ['dbp:awards']]",[]
228,0.0,0.0,0.0,6,1,1,what city did alphonse girandy die,[['dbo:restingPlace']],['dbo:deathPlace'],0.0,0.0,0.0,6,1,1,[['dbo:restingPlace']],['dbo:deathPlace']
229,0.0,0.0,0.0,7,1,0,Which holy things canonized John of Damascus?,[['dbo:canonizedBy']],[],0.0,0.0,0.0,7,1,0,[['dbo:canonizedBy']],[]
230,0.0,0.0,0.0,10,1,0,what are some units udner the US department of navy?,[['dbo:commandStructure']],[],0.0,0.0,0.0,10,1,0,[['dbo:commandStructure']],[]
231,0.0,0.0,0.0,11,2,0,List the awards given to the key people in Pixar ?,"[['dbp:keyPeople'], ['dbo:award']]",[],0.0,0.0,0.0,11,2,0,"[['dbp:keyPeople'], ['dbo:award']]",[]
232,0.0,0.0,0.0,7,2,0,Where can i find salad based food?,"[['dbp:mainIngredient'], ['dbp:country']]",[],0.0,0.0,0.0,7,2,0,"[['dbp:mainIngredient'], ['dbp:country']]",[]
233,0.0,0.0,0.0,7,1,1,Which country is aleksandr ivanov from originally,[['dbo:nationality']],['dbo:birthPlace'],0.0,0.0,0.0,7,1,1,[['dbo:nationality']],['dbo:birthPlace']
234,0.0,0.0,0.0,6,1,0,Who is the governor of Wyoming?,[['dbp:governor']],[],0.0,0.0,0.0,6,1,0,[['dbp:governor']],[]
235,0.0,0.0,0.0,15,2,0,Guggenheim family is the cofounder of a company that invested stocks in which baseball teams?,"[['dbp:owner'], ['dbp:founder']]",[],0.0,0.0,0.0,15,2,0,"[['dbp:owner'], ['dbp:founder']]",[]
236,0.0,0.0,0.0,14,2,0,Name the narrators of the album which has been narrated by Alan Thicke ?,"[['dbp:narrated'], ['dbp:narrated']]",[],0.0,0.0,0.0,14,2,0,"[['dbp:narrated'], ['dbp:narrated']]",[]
237,0.0,0.0,0.0,17,2,0,What are the reason served by Toll Global Express which is also the country of LPGA ?,"[['dbo:country'], ['dbo:regionServed']]",[],0.0,0.0,0.0,17,2,0,"[['dbo:country'], ['dbo:regionServed']]",[]
238,0.0,0.0,0.0,15,2,0,Which battles were fought under the president when Chung Won Shik was the prime minister?,"[['dbp:primeminister'], ['dbp:battles']]",[],0.0,0.0,0.0,15,2,0,"[['dbp:primeminister'], ['dbp:battles']]",[]
239,0.0,0.0,0.0,5,1,1,what is sanjeev rajput's religion?,[['dbp:religion']],['dbo:religion'],0.0,0.0,0.0,5,1,1,[['dbp:religion']],['dbo:religion']
240,0.0,0.0,0.0,8,1,1,Name the death location of Judson Huss ?,[['dbp:deathPlace']],['dbo:deathPlace'],0.0,0.0,0.0,8,1,1,[['dbp:deathPlace']],['dbo:deathPlace']
241,0.0,0.0,0.0,6,1,2,which country is silkville located in?,[['dbo:location']],"['dbo:country', 'dbo:isPartOf']",0.0,0.0,0.0,6,1,1,[['dbo:location']],['dbo:country']
242,0.0,0.0,0.0,12,2,0,Name the show whose jury consist of Jennifer Lopez and Randy Jackson?,"[['dbp:judges'], ['dbp:judges']]",[],0.0,0.0,0.0,12,2,0,"[['dbp:judges'], ['dbp:judges']]",[]
243,0.0,0.0,0.0,6,1,0,What companies are located in toronto?,[['dbo:locationCity']],[],0.0,0.0,0.0,6,1,0,[['dbo:locationCity']],[]
244,0.0,0.0,0.0,8,1,1,what american football position does jason jones play,[['dbp:currentpositionplain']],['dbo:position'],0.0,0.0,0.0,8,1,1,[['dbp:currentpositionplain']],['dbo:position']
245,0.0,0.0,0.0,10,1,0,"What is the country whose administrative centre is Hagta, Guam?",[['dbo:capital']],[],0.0,0.0,0.0,10,1,0,[['dbo:capital']],[]
246,0.0,0.0,0.0,13,1,0,Was the cover of The adventures of Tom Sawyer designed by Mark Twain?,[['dbo:coverArtist']],[],0.0,0.0,0.0,13,1,0,[['dbo:coverArtist']],[]
247,0.0,0.0,0.0,15,1,0,"After the death of which political figure, did the Coalition Provisional Authority came into power?",[['dbp:successor']],[],0.0,0.0,0.0,15,1,0,[['dbp:successor']],[]
248,0.0,0.0,0.0,8,1,1,Name the artist of Brad Paisley discography ?,[['dbp:artist']],['dbo:genre'],0.0,0.0,0.0,8,1,0,[['dbp:artist']],[]
249,0.0,0.0,0.0,8,1,0,Which river has its roots in Baikal Mountains?,[['dbo:sourceMountain']],[],0.0,0.0,0.0,8,1,0,[['dbo:sourceMountain']],[]
250,0.0,0.0,0.0,6,1,0,what's the capital city of namchi,"[['dbo:country', 'dbo:isPartOf']]",[],0.0,0.0,0.0,6,1,0,"[['dbo:country', 'dbo:isPartOf']]",[]
251,0.0,0.0,0.0,13,2,0,In which cities can i find drinks similar to the IBC root beer?,"[['dbo:related'], ['dbp:locationCity']]",[],0.0,0.0,0.0,13,2,0,"[['dbo:related'], ['dbp:locationCity']]",[]
252,0.0,0.0,0.0,7,1,1,What style of art does dueljewel create?,[['dbo:genre']],['dbo:movement'],0.0,0.0,0.0,7,1,1,[['dbo:genre']],['dbo:field']
253,0.0,0.0,0.0,13,2,0,Name the mammals which are primate and belongs to family of ape ?,"[['dbo:family'], ['dbo:order']]",[],0.0,0.0,0.0,13,2,0,"[['dbo:family'], ['dbo:order']]",[]
254,0.0,0.0,0.0,10,2,0,Where does the river flow into which begins in Lebrsnik?,"[['dbo:sourcePlace'], ['dbo:riverMouth']]",[],0.0,0.0,0.0,10,2,0,"[['dbo:sourcePlace'], ['dbo:riverMouth']]",[]
255,0.0,0.0,0.0,7,1,0,Where is the south shore plaza located?,[['dbp:address']],[],0.0,0.0,0.0,7,1,0,[['dbp:address']],[]
256,0.0,0.0,0.0,5,1,1,where was michael korkidas born?,[['dbp:birthPlace']],['dbo:birthPlace'],0.0,0.0,0.0,5,1,1,[['dbp:birthPlace']],['dbo:birthPlace']
257,0.0,0.0,0.0,11,1,0,Name the cover artist of the adventure of Tom sawyer ?,[['dbo:coverArtist']],[],0.0,0.0,0.0,11,1,0,[['dbo:coverArtist']],[]
258,0.0,0.0,0.0,16,2,0,What are the awards won by the person who is an authority of Latania verschaffeltii ?,"[['dbp:binomialAuthority'], ['dbp:awards']]",[],0.0,0.0,0.0,16,2,0,"[['dbp:binomialAuthority'], ['dbp:awards']]",[]
259,0.0,0.0,0.0,9,1,0,How many states does the Pioneer corporation operate in?,[['dbp:country']],[],0.0,0.0,0.0,9,1,0,[['dbp:country']],[]
260,0.0,0.0,0.0,6,1,0,Give me the Apollo 14 astronauts.,[['dbo:mission']],[],0.0,0.0,0.0,6,1,0,[['dbo:mission']],[]
261,0.0,0.0,0.0,7,1,0,To where does Lake St. Clair flow?,[['dbo:outflow']],[],0.0,0.0,0.0,7,1,0,[['dbo:outflow']],[]
262,0.0,0.0,0.0,9,1,0,List all the houses of United States Congress ?,[['dbp:houses']],[],0.0,0.0,0.0,9,1,0,[['dbp:houses']],[]
263,0.0,0.0,0.0,7,2,0,Whose work is in the Musee d'orsay?,"[['dbp:museum'], ['dbp:artist']]",[],0.0,0.0,0.0,7,2,0,"[['dbp:museum'], ['dbp:artist']]",[]
264,0.0,0.0,0.0,13,2,0,How many cities are around the sea in which the ionian sea flows?,"[['dbo:outflow'], ['dbp:cities']]",[],0.0,0.0,0.0,13,2,0,"[['dbo:outflow'], ['dbp:cities']]",[]
265,0.0,0.0,0.0,10,1,0,How many ingedients are required to make the Ragout Fin?,[['dbo:ingredient']],[],0.0,0.0,0.0,10,1,0,[['dbo:ingredient']],[]
266,0.0,0.0,0.0,9,1,0,What is the university whose campus is Mount Moosilauke?,[['dbo:campus']],[],0.0,0.0,0.0,9,1,0,[['dbo:campus']],[]
267,0.0,0.0,0.0,8,2,0,How many artists' works are in Muse d'Orsay?,"[['dbp:artist'], ['dbp:museum']]",[],0.0,0.0,0.0,8,2,0,"[['dbp:artist'], ['dbp:museum']]",[]
268,0.0,0.0,0.0,5,1,1,What genre is twice-told tales,[['dbo:literaryGenre']],['dbo:genre'],0.0,0.0,0.0,5,1,1,[['dbo:literaryGenre']],['dbo:genre']
269,0.0,0.0,0.0,6,1,1,where was lau kar wing born,[['dbp:birthPlace']],['dbo:birthPlace'],0.0,0.0,0.0,6,1,1,[['dbp:birthPlace']],['dbo:birthPlace']
270,0.0,0.0,0.0,7,1,1,in which state is port byron located,[['dbo:region']],['dbo:location'],0.0,0.0,0.0,7,1,2,[['dbo:region']],"['dbo:country', 'dbo:isPartOf']"
271,0.0,0.0,0.0,12,2,0,"Who founded the city where First Church of Christ, Scientist is located?","[['dbp:locationTown'], ['dbo:founder']]",[],0.0,0.0,0.0,12,2,0,"[['dbp:locationTown'], ['dbo:founder']]",[]
272,0.0,0.0,0.0,17,2,0,In which country was GM was firt aired which is also the mouth country of Upper Neretva?,"[['dbp:firstAired'], ['dbo:mouthCountry']]",[],0.0,0.0,0.0,17,2,0,"[['dbp:firstAired'], ['dbo:mouthCountry']]",[]
273,0.0,0.0,0.0,8,1,1,what location is part of the cascade range,"[['dbo:isPartOf', 'dbo:location']]",['dbo:state'],0.0,0.0,0.0,8,1,0,"[['dbo:isPartOf', 'dbo:location']]",[]
274,0.0,0.0,0.0,10,2,0,"Name the university whose affiliations's foundation is in Washington, D.C.?","[['dbp:affiliations'], ['dbp:foundation']]",[],0.0,0.0,0.0,10,2,0,"[['dbp:affiliations'], ['dbp:foundation']]",[]
275,0.0,0.0,0.0,19,2,0,Name all the broadcast area of the TV stations which has Rodrigues as one of the broadcast area ?,"[['dbp:broadcastArea'], ['dbp:broadcastArea']]",[],0.0,0.0,0.0,19,2,0,"[['dbp:broadcastArea'], ['dbp:broadcastArea']]",[]
276,0.0,0.0,0.0,15,2,0,Which educational institution of Jack Mcgregor is also the alma mater of Donn barber ?,"[['dbo:education'], ['dbo:education']]",[],0.0,0.0,0.0,15,2,0,"[['dbo:education'], ['dbo:education']]",[]
277,0.0,0.0,0.0,8,1,0,"List few schools situated in Reading, Berkshire ?",[['dbp:city']],[],0.0,0.0,0.0,8,1,0,[['dbp:city']],[]
278,0.0,0.0,0.0,8,1,0,Who execultively produced the jetsons meet the flintstones,[['dbo:executiveProducer']],[],0.0,0.0,0.0,8,1,1,[['dbo:executiveProducer']],['dbo:producer']
279,0.0,0.0,0.0,9,2,0,What awards did the founder of Grameen Bank win?,"[['dbp:founder'], ['dbo:award']]",[],0.0,0.0,0.0,9,2,0,"[['dbp:founder'], ['dbo:award']]",[]
280,0.0,0.0,0.0,13,2,0,"Where is Benjamin Franklin Terry buried, and US Route 59 has a junction?","[['dbp:placeofburial'], ['dbp:junction']]",[],0.0,0.0,0.0,13,2,0,"[['dbp:placeofburial'], ['dbp:junction']]",[]
281,0.0,0.0,0.0,9,2,0,Where does Dennis DeConcini and Scott Berkun both live?,"[['dbp:residence'], ['dbp:residence']]",[],0.0,0.0,0.0,9,2,0,"[['dbp:residence'], ['dbp:residence']]",[]
282,0.0,0.0,0.0,11,1,0,Who is the Formula 1 race driver with the most races?,[['dbo:races']],[],0.0,0.0,0.0,11,1,0,[['dbo:races']],[]
283,0.0,0.0,0.0,12,2,0,Which companies have launched a rocket from Cape Canaveral Air Force station?,"[['dbo:launchSite'], ['dbo:manufacturer']]",[],0.0,0.0,0.0,12,2,0,"[['dbo:launchSite'], ['dbo:manufacturer']]",[]
284,0.0,0.0,0.0,9,1,1,what is the place of birth of tomasz markowski?,[['dbo:nationality']],['dbo:birthPlace'],0.0,0.0,0.0,9,1,1,[['dbo:nationality']],['dbo:birthPlace']
285,0.0,0.0,0.0,8,1,0,How many venues are located in the US?,[['dbp:address']],[],0.0,0.0,0.0,8,1,0,[['dbp:address']],[]
286,0.0,0.0,0.0,16,2,0,"How many major shrine are there, of the saints whose beatified by Pope Pius XI ?","[['dbp:beatifiedBy'], ['dbo:majorShrine']]",[],0.0,0.0,0.0,16,2,0,"[['dbp:beatifiedBy'], ['dbo:majorShrine']]",[]
287,0.0,0.0,0.0,5,1,1,Where did thomas paterson die?,[['dbp:deathPlace']],['dbo:deathPlace'],0.0,0.0,0.0,5,1,1,[['dbp:deathPlace']],['dbo:deathPlace']
288,0.0,0.0,0.0,14,2,1,What is the owning company of the bank whose parent is Sony Financial ?,"[['dbp:parent'], ['dbo:owningCompany']]",['dbp:owner'],0.0,0.0,0.0,14,2,0,"[['dbp:parent'], ['dbo:owningCompany']]",[]
289,0.0,0.0,0.0,12,2,0,In which cities are there american football teams where Matt Snorton played?,"[['dbp:pastteams'], ['dbo:locationCity']]",[],0.0,0.0,0.0,12,2,0,"[['dbp:pastteams'], ['dbo:locationCity']]",[]
290,0.0,0.0,0.0,8,1,1,Which country is the city of mizuho located,[['dbo:region']],['dbo:country'],0.0,0.0,0.0,8,1,1,[['dbo:region']],['dbo:country']
291,0.0,0.0,0.0,8,1,1,which album is recorded by big daddy kane,[['dbo:recordLabel']],['dbo:artist'],0.0,0.0,0.0,8,1,1,[['dbo:recordLabel']],['dbo:artist']
292,0.0,0.0,0.0,8,1,1,what was paul h. dunn's place of death,[['dbp:deathPlace']],['dbo:deathPlace'],0.0,0.0,0.0,8,1,1,[['dbp:deathPlace']],['dbo:deathPlace']
293,0.0,0.0,0.0,12,1,0,Who is the builder of Estadio Nacional de Costa Rica (2011) ?,[['dbo:builder']],[],0.0,0.0,0.0,12,1,0,[['dbo:builder']],[]
294,0.0,0.0,0.0,8,1,0,Do the west coast airlines fly to seattle?,[['dbo:targetAirport']],[],0.0,0.0,0.0,8,1,0,[['dbo:targetAirport']],[]
295,0.0,0.0,0.0,5,1,1,Which company owns Evraz ?,[['dbo:owningCompany']],['dbo:owner'],0.0,0.0,0.0,5,1,1,[['dbo:owningCompany']],['dbo:owner']
296,0.0,0.0,0.0,11,2,0,To which party do the politicians who died in Delhi belong?,"[['dbp:placeOfDeath'], ['dbp:party']]",[],0.0,0.0,0.0,11,2,0,"[['dbp:placeOfDeath'], ['dbp:party']]",[]
297,0.0,0.0,0.0,5,1,1,what country is lassie from,[['dbo:country']],['dbo:birthPlace'],0.0,0.0,0.0,5,1,1,[['dbo:country']],['dbo:birthPlace']
298,0.0,0.0,0.0,9,1,0,What are the awrds won by Laemmle Theatres ?,[['dbo:service']],[],0.0,0.0,0.0,9,1,0,[['dbo:service']],[]
299,0.0,0.0,0.0,12,1,0,Is Roger Federer the flagbearer of Switzerland at the 2004 Summer Olympics?,[['dbp:flagbearer']],[],0.0,0.0,0.0,12,1,0,[['dbp:flagbearer']],[]
300,0.0,0.0,0.0,6,1,0,Was Henry Knox a major general?,[['dbo:militaryRank']],[],0.0,0.0,0.0,6,1,0,[['dbo:militaryRank']],[]
301,0.0,0.0,0.0,6,1,1,which country is vuoksi river in,[['dbo:sourceCountry']],['dbo:country'],0.0,0.0,0.0,6,1,1,[['dbo:sourceCountry']],['dbo:country']
302,0.0,0.0,0.0,7,1,0,Does the owyhee river flow into oregon?,[['dbo:mouthMountain']],[],0.0,0.0,0.0,7,1,0,[['dbo:mouthMountain']],[]
303,0.0,0.0,0.0,10,2,0,In which countries have the Start + Flug aircrafts originated?,"[['dbo:manufacturer'], ['dbp:nationalOrigin']]",[],0.0,0.0,0.0,10,2,0,"[['dbo:manufacturer'], ['dbp:nationalOrigin']]",[]
304,0.0,0.0,0.0,6,1,0,List the seven kings of Rome.,[['dbp:title']],[],0.0,0.0,0.0,6,1,0,[['dbp:title']],[]
305,0.0,0.0,0.0,7,1,0,Who was the narrator in the point?,[['dbp:narrated']],[],0.0,0.0,0.0,7,1,0,[['dbp:narrated']],[]
306,0.0,0.0,0.0,5,1,1,What is ofo uhiara's nationality?,[['dbo:country']],['dbo:nationality'],0.0,0.0,0.0,5,1,1,[['dbo:country']],['dbo:birthPlace']
307,0.0,0.0,0.0,18,2,0,Name the scientist who become the part of Royal Society and had academic advisor as Karl Ewald Hasse?,"[['dbo:academicAdvisor'], ['dbp:prizes']]",[],0.0,0.0,0.0,18,2,1,"[['dbo:academicAdvisor'], ['dbp:prizes']]",['dbo:doctoralAdvisor']
308,0.0,0.0,0.0,17,1,0,"what city, located in the central part of the island of Honshu, Japan, was naoyuki shimizu born?",[['dbo:birthPlace']],[],0.0,0.0,0.0,17,1,0,[['dbo:birthPlace']],[]
309,0.0,0.0,0.0,6,1,0,Where is friedrich karl schmidt from,[['dbo:nationality']],[],0.0,0.0,0.0,6,1,1,[['dbo:nationality']],['dbo:birthPlace']
310,0.0,0.0,0.0,8,2,0,Brian Moriarty designed video games written by whom?,"[['dbo:designer'], ['dbp:writer']]",[],0.0,0.0,0.0,8,2,0,"[['dbo:designer'], ['dbp:writer']]",[]
311,0.0,0.0,0.0,16,2,0,"How many home stadium are there, of the soccer club seasons whose chairman is Merritt Paulson?","[['dbp:chairman'], ['dbo:homeStadium']]",[],0.0,0.0,0.0,16,2,0,"[['dbp:chairman'], ['dbo:homeStadium']]",[]
312,0.0,0.0,0.0,8,1,0,Sampson Cudjoe plays for the Ghana national team?,[['dbp:nationalteam']],[],0.0,0.0,0.0,8,1,1,[['dbp:nationalteam']],['dbo:instrument']
313,0.0,0.0,0.0,8,1,1,which position does matt ware have in football,[['dbp:currentpositionplain']],['dbo:position'],0.0,0.0,0.0,8,1,1,[['dbp:currentpositionplain']],['dbo:position']
314,0.0,0.0,0.0,6,1,1,who directed the secret agent club,[['dbo:cinematography']],['dbo:director'],0.0,0.0,0.0,6,1,1,[['dbo:cinematography']],['dbo:director']
315,0.0,0.0,0.0,12,2,0,List the television shows whose Composers are associated with Strontium 90 ?,"[['dbp:composer'], ['dbo:associatedBand']]",[],0.0,0.0,0.0,12,2,0,"[['dbp:composer'], ['dbo:associatedBand']]",[]
316,0.0,0.0,0.0,7,1,0,Was Queen Latifah in the U.N.I.T.Y. group?,[['dbo:musicalArtist']],[],0.0,0.0,0.0,7,1,1,[['dbo:musicalArtist']],['dbo:recordLabel']
317,0.0,0.0,0.0,14,2,0,"Through which states does the road go, which has a junction on Keningston Maryland?","[['dbo:routeJunction'], ['dbo:state']]",[],0.0,0.0,0.0,14,2,0,"[['dbo:routeJunction'], ['dbo:state']]",[]
318,0.0,0.0,0.0,8,1,0,How many companies are located in Toronto ?,[['dbo:locationCity']],[],0.0,0.0,0.0,8,1,0,[['dbo:locationCity']],[]
319,0.0,0.0,0.0,8,1,0,What is the largest country in the world?,[['dbo:areaTotal']],[],0.0,0.0,0.0,8,1,0,[['dbo:areaTotal']],[]
320,0.0,0.0,0.0,9,2,0,Count the tenants of the stadiums owned by toronto.,"[['dbp:owner'], ['dbp:tenants']]",[],0.0,0.0,0.0,9,2,0,"[['dbp:owner'], ['dbp:tenants']]",[]
321,0.0,0.0,0.0,6,1,1,Which movie did byron haskin directed?,[['dbo:cinematography']],['dbo:director'],0.0,0.0,0.0,6,1,1,[['dbo:cinematography']],['dbo:director']
322,0.0,0.0,0.0,13,2,0,What are some dishes from the family of dishes which primarily use flour?,"[['dbo:type'], ['dbp:mainIngredient']]",[],0.0,0.0,0.0,13,2,0,"[['dbo:type'], ['dbp:mainIngredient']]",[]
323,0.0,0.0,0.0,6,1,1,what production company produced the fighter,[['dbp:productionCompanies']],['dbp:studio'],0.0,0.0,0.0,6,1,1,[['dbp:productionCompanies']],['dbp:studio']
324,0.0,0.0,0.0,12,2,0,Which newspapers are owned by companies which are under Rolv Erik Ryssdal?,"[['dbp:owners'], ['dbo:keyPerson']]",[],0.0,0.0,0.0,12,2,0,"[['dbp:owners'], ['dbo:keyPerson']]",[]
325,0.0,0.0,0.0,12,2,0,What are some countries where companies headquartered in the Klang Valley operate?,"[['dbp:headquarters'], ['dbp:country']]",[],0.0,0.0,0.0,12,2,0,"[['dbp:headquarters'], ['dbp:country']]",[]
326,0.0,0.0,0.0,16,2,0,Name a queen whose parent is Ptolemy XII Auletes and consort is Ptolemy XIII Theos Philopator?,"[['dbo:parent'], ['dbp:spouse']]",[],0.0,0.0,0.0,16,2,0,"[['dbo:parent'], ['dbp:spouse']]",[]
327,0.0,0.0,0.0,10,2,0,List down the schools whose mascot's order is Even-toed ungulate?,"[['dbo:order'], ['dbp:mascot']]",[],0.0,0.0,0.0,10,2,0,"[['dbo:order'], ['dbp:mascot']]",[]
328,0.0,0.0,0.0,6,1,1,what position does adam carriker play,[['dbp:currentpositionplain']],['dbo:position'],0.0,0.0,0.0,6,1,1,[['dbp:currentpositionplain']],['dbo:position']
329,0.0,0.0,0.0,7,1,1,What is the nationality of irina shayk,[['dbo:nationality']],['dbo:birthPlace'],0.0,0.0,0.0,7,1,1,[['dbo:nationality']],['dbo:birthPlace']
330,0.0,0.0,0.0,9,1,0,Which artist was taught by Jos Ruiz y Blasco?,[['dbp:training']],[],0.0,0.0,0.0,9,1,0,[['dbp:training']],[]
331,0.0,0.0,0.0,9,1,0,Brian Dunkleman is the presenter of what TV show?,[['dbp:presenter']],[],0.0,0.0,0.0,9,1,0,[['dbp:presenter']],[]
332,0.0,0.0,0.0,17,2,0,Who is the President of the United World College of Costa Rica and United World Colleges ?,"[['dbp:president'], ['dbp:president']]",[],0.0,0.0,0.0,17,2,0,"[['dbp:president'], ['dbp:president']]",[]
333,0.0,0.0,0.0,16,2,0,Count the number of schools which are in a city governed by the West Berkshire Council?,"[['dbp:city'], ['dbo:leaderName']]",[],0.0,0.0,0.0,16,2,0,"[['dbp:city'], ['dbo:leaderName']]",[]
334,0.0,0.0,0.0,11,2,0,What are the academic interests of the past members of Senser?,"[['dbp:pastMembers'], ['dbp:mainInterests']]",[],0.0,0.0,0.0,11,2,0,"[['dbp:pastMembers'], ['dbp:mainInterests']]",[]
335,0.0,0.0,0.0,14,2,0,List out the people who are related to the relatives of Jared Kushner ?,"[['dbo:relation'], ['dbo:relation']]",[],0.0,0.0,0.0,14,2,0,"[['dbo:relation'], ['dbo:relation']]",[]
336,0.0,0.0,0.0,10,2,0,Where was the engineer born who manufactured EP R.E.P. 1?,"[['dbp:manufacturer'], ['dbo:birthPlace']]",[],0.0,0.0,0.0,10,2,0,"[['dbp:manufacturer'], ['dbo:birthPlace']]",[]
337,0.0,0.0,0.0,10,2,0,Who have become famous by movies produced by Laurence Mark?,"[['dbp:producer'], ['dbo:knownFor']]",[],0.0,0.0,0.0,10,2,0,"[['dbp:producer'], ['dbo:knownFor']]",[]
338,0.0,0.0,0.0,10,2,0,Where can one find some quick bread in the world?,"[['dbp:type'], ['dbo:region']]",[],0.0,0.0,0.0,10,2,0,"[['dbp:type'], ['dbo:region']]",[]
339,0.0,0.0,0.0,15,2,0,Which club of perianne Lones is also the home town of the Kady O'Malley ?,"[['dbp:homeTown'], ['dbp:club']]",[],0.0,0.0,0.0,15,2,0,"[['dbp:homeTown'], ['dbp:club']]",[]
340,0.0,0.0,0.0,8,2,0,Do Urdu and Persian have a common root?,"[['dbo:languageFamily'], ['dbo:languageFamily']]",[],0.0,0.0,0.0,8,2,0,"[['dbo:languageFamily'], ['dbo:languageFamily']]",[]
341,0.0,0.0,0.0,13,2,0,What is the honorary title of the narrator of Everything Will Be OK?,"[['dbo:narrator'], ['dbo:award']]",[],0.0,0.0,0.0,13,2,0,"[['dbo:narrator'], ['dbo:award']]",[]
342,0.0,0.0,0.0,7,2,0,Paris Sisters singles are of which language?,"[['dbo:musicalBand'], ['dbp:language']]",[],0.0,0.0,0.0,7,2,0,"[['dbo:musicalBand'], ['dbp:language']]",[]
343,0.0,0.0,0.0,8,1,1,which football position is blanchard montgomery charged of,[['dbp:position']],['dbo:position'],0.0,0.0,0.0,8,1,1,[['dbp:position']],['dbo:position']
344,0.0,0.0,0.0,7,1,0,Give me all libraries established before 1400.,[['dbp:established']],[],0.0,0.0,0.0,7,1,0,[['dbp:established']],[]
345,0.0,0.0,0.0,9,1,1,whats the name of an album by terri clark,[['dbo:type']],['dbo:artist'],0.0,0.0,0.0,9,1,1,[['dbo:type']],['dbo:artist']
346,0.0,0.0,0.0,5,1,0,who produced the lion king,[['dbp:studio']],[],0.0,0.0,0.0,5,1,1,[['dbp:studio']],['dbo:producer']
347,0.0,0.0,0.0,8,1,0,Is the Caterpullar 797F assembled in North America?,[['dbp:assembly']],[],0.0,0.0,0.0,8,1,0,[['dbp:assembly']],[]
348,0.0,0.0,0.0,16,2,0,Whay common comic is written by Karakuri Dji Ultimo and narrated by The Incredible Hulk ?,"[['dbp:author'], ['dbp:narrated']]",[],0.0,0.0,0.0,16,2,0,"[['dbp:author'], ['dbp:narrated']]",[]
