,recall_x,precision_x,f1_x,word_count_x,rel_count_x,sys_relations_x,question,gold_relations_x,system_relations_x,question_type_x,recall_y,precision_y,f1_y,word_count_y,rel_count_y,sys_relations_y,gold_relations_y,system_relations_y,question_type_y,training_count
0,0.5,0.2,0.2857142857142857,19,2,5,"Who won the general elections in India in 2009, and had also won the AP elections in 2004 ?","[['dbo:affiliation'], ['dbo:affiliation']]","['dbo:affiliation', 'dbo:birthPlace', 'dbo:isPartOf', 'dbp:constituency', 'dbp:leader']",factoid,0.5,0.2,0.2857142857142857,19,2,5,"[['dbo:affiliation'], ['dbo:affiliation']]","['dbo:affiliation', 'dbo:leaderName', 'dbo:party', 'dbp:leader', 'dbp:party']",factoid,"[[15], [15]]"
1,0.0,0.0,0.0,12,1,5,What are the artists that have been in the band Framptons camel?,[['dbp:associatedActs']],"['dbo:associatedBand', 'dbo:associatedMusicalArtist', 'dbo:bandMember', 'dbo:musicalArtist', 'dbp:artist']",factoid,0.0,0.0,0.0,12,1,5,[['dbp:associatedActs']],"['dbo:associatedBand', 'dbo:bandMember', 'dbo:formerBandMember', 'dbp:currentMembers', 'dbp:pastMembers']",factoid,[[19]]
2,0.5,0.2,0.2857142857142857,12,2,5,What is a common ingredient used in boyt Blodpalt and Kaszanka ?,"[['dbo:ingredient'], ['dbo:ingredient']]","['dbo:city', 'dbo:country', 'dbo:ingredient', 'dbp:country', 'dbp:mainIngredient']",factoid,0.5,0.2,0.2857142857142857,12,2,5,"[['dbo:ingredient'], ['dbo:ingredient']]","['dbo:currency', 'dbo:ingredient', 'dbo:location', 'dbp:locationCity', 'dbp:mainIngredient']",factoid,"[[21], [21]]"
3,0.0,0.0,0.0,17,2,5,Whihc place of birth of the Union State is also the largest city of Union Staete ?,"[['dbp:placeOfBirth'], ['dbp:largestCity']]","['dbo:birthPlace', 'dbo:largestCity', 'dbp:birthPlace', 'dbp:birthplace', 'dbp:placeOfDeath']",list,0.5,0.2,0.2857142857142857,17,2,5,"[['dbp:placeOfBirth'], ['dbp:largestCity']]","['dbo:birthPlace', 'dbo:capital', 'dbo:largestCity', 'dbp:birthPlace', 'dbp:placeOfBirth']",list,"[[41], [4]]"
4,0.0,0.0,0.0,6,1,5,what state is sugar loaf in?,[['dbo:locatedInArea']],"['dbo:country', 'dbo:isPartOf', 'dbo:location', 'dbo:region', 'dbo:state']",factoid,0.0,0.0,0.0,6,1,5,[['dbo:locatedInArea']],"['dbo:country', 'dbo:district', 'dbo:isPartOf', 'dbo:region', 'dbo:state']",factoid,[[1072]]
5,0.5,0.2,0.2857142857142857,14,2,5,What is the county seat of the county which has an Evergreen High School?,"[['dbo:county'], ['dbo:countySeat']]","['dbo:birthPlace', 'dbo:countySeat', 'dbo:district', 'dbo:localAuthority', 'dbo:sport']",factoid,0.0,0.0,0.0,14,2,5,"[['dbo:county'], ['dbo:countySeat']]","['dbo:capital', 'dbo:location', 'dbo:region', 'dbo:state', 'dbp:state']",factoid,"[[10], [10]]"
6,0.5,0.2,0.2857142857142857,13,2,5,What show had NTSC format and theme music composed by  Ron Grainer?,"[['dbo:format'], ['dbp:themeMusicComposer']]","['dbo:genre', 'dbo:type', 'dbp:creator', 'dbp:genre', 'dbp:themeMusicComposer']",factoid,0.5,0.2,0.2857142857142857,13,2,5,"[['dbo:format'], ['dbp:themeMusicComposer']]","['dbo:programmeFormat', 'dbo:subsequentWork', 'dbp:artist', 'dbp:genre', 'dbp:themeMusicComposer']",factoid,"[[4], [28]]"
7,0.5,0.2,0.2857142857142857,10,2,5,What is manufactured by a company founded by Akio Morita?,"[['dbp:founder'], ['dbo:manufacturer']]","['dbo:foundationPlace', 'dbo:industry', 'dbo:locationCity', 'dbo:manufacturer', 'dbp:keyPeople']",factoid,0.5,0.2,0.2857142857142857,10,2,5,"[['dbp:founder'], ['dbo:manufacturer']]","['dbo:foundationPlace', 'dbo:manufacturer', 'dbo:product', 'dbp:foundation', 'dbp:products']",factoid,"[[25], [58]]"
8,0.5,0.2,0.2857142857142857,21,2,5,What is the total number of other restingplace of the politicians whose one of the restingplace is East Norwalk Historical Cemetery?,"[['dbp:restingplace'], ['dbp:restingplace']]","['dbo:restingPlace', 'dbp:deathPlace', 'dbp:placeOfBurial', 'dbp:restingPlace', 'dbp:restingplace']",factoid,0.5,0.2,0.2857142857142857,21,2,5,"[['dbp:restingplace'], ['dbp:restingplace']]","['dbo:restingPlace', 'dbp:placeOfBurial', 'dbp:placeofburial', 'dbp:restingPlace', 'dbp:restingplace']",factoid,"[[25], [25]]"
9,0.5,0.2,0.2857142857142857,10,2,5,What cities are around the sea which flows into Marmara?,"[['dbp:inflow'], ['dbp:cities']]","['dbo:city', 'dbo:outflow', 'dbo:state', 'dbp:cities', 'dbp:outflow']",factoid,0.5,0.2,0.2857142857142857,10,2,5,"[['dbp:inflow'], ['dbp:cities']]","['dbo:mouthMountain', 'dbo:outflow', 'dbo:riverMouth', 'dbp:cities', 'dbp:mouthLocation']",factoid,"[[7], [31]]"
10,0.0,0.0,0.0,10,1,5,Do the White Plains Road lie in the Bronx county?,[['dbp:counties']],"['dbo:genre', 'dbo:isPartOf', 'dbo:sourceRegion', 'dbo:writer', 'dbp:office']",boolean,0.0,0.0,0.0,10,1,5,[['dbp:counties']],"['dbo:city', 'dbo:isPartOf', 'dbo:locatedInArea', 'dbo:location', 'dbo:state']",boolean,[[5]]
11,0.5,0.2,0.2857142857142857,14,2,5,What is the largest city in the country where the San Marcos River originates?,"[['dbo:sourceMountain'], ['dbo:largestCity']]","['dbo:areaTotal', 'dbo:capital', 'dbo:largestCity', 'dbo:origin', 'dbp:birthplace']",factoid,0.0,0.0,0.0,14,2,5,"[['dbo:sourceMountain'], ['dbo:largestCity']]","['dbo:capital', 'dbo:country', 'dbo:district', 'dbo:sourceCountry', 'dbp:country']",factoid,"[[11], [23]]"
12,0.0,0.0,0.0,8,1,5,Does Walson Augustin play for the Brothers Union?,[['dbp:currentclub']],"['dbo:city', 'dbo:distributor', 'dbo:isPartOf', 'dbo:region', 'dbo:state']",boolean,0.0,0.0,0.0,8,1,5,[['dbp:currentclub']],"['dbo:formerTeam', 'dbo:team', 'dbp:nationalteam', 'dbp:playedFor', 'dbp:team']",boolean,[[12]]
13,0.5,0.2,0.2857142857142857,6,2,5,What do typically NGOs work for?,"[['dbp:type'], ['dbp:purpose']]","['dbo:employer', 'dbo:foundedBy', 'dbo:industry', 'dbp:employer', 'dbp:purpose']",factoid,0.5,0.2,0.2857142857142857,6,2,5,"[['dbp:type'], ['dbp:purpose']]","['dbo:employer', 'dbo:industry', 'dbo:occupation', 'dbp:employer', 'dbp:purpose']",factoid,"[[12], [15]]"
14,0.5,0.2,0.2857142857142857,22,2,5,What is the city of the Maine School of Science and Mathematics is also the resting place of Charles A. Boutelle ?,"[['dbp:restingplace'], ['dbo:authority']]","['dbo:almaMater', 'dbo:restingPlace', 'dbp:placeOfBurial', 'dbp:restingPlace', 'dbp:restingplace']",factoid,0.5,0.2,0.2857142857142857,22,2,5,"[['dbp:restingplace'], ['dbo:authority']]","['dbo:city', 'dbo:location', 'dbo:restingPlace', 'dbp:restingPlace', 'dbp:restingplace']",factoid,"[[25], [2]]"
15,0.5,0.2,0.2857142857142857,15,2,5,Rashid Behbudov State Song Theatre and Baku Puppet Theatre can be found in which country?,"[['dbo:locationCountry'], ['dbo:locationCountry']]","['dbo:country', 'dbo:genre', 'dbo:locationCountry', 'dbo:state', 'dbp:genre']",list,0.0,0.0,0.0,15,2,5,"[['dbo:locationCountry'], ['dbo:locationCountry']]","['dbo:country', 'dbo:location', 'dbo:starring', 'dbp:firstAired', 'dbp:genre']",list,"[[8], [8]]"
16,0.5,0.2,0.2857142857142857,20,2,5,What religions are followed by members of the societies whose architectural influences can be seen on the Sanggar Agung ?,"[['dbp:architecturalStyle'], ['dbo:religion']]","['dbo:influencedBy', 'dbo:religion', 'dbp:party', 'dbp:related', 'dbp:religion']",factoid,0.5,0.2,0.2857142857142857,20,2,5,"[['dbp:architecturalStyle'], ['dbo:religion']]","['dbo:movement', 'dbo:religion', 'dbo:veneratedIn', 'dbp:religion', 'dbp:veneratedIn']",factoid,"[[3], [257]]"
17,0.5,0.2,0.2857142857142857,11,2,5,List the television shows whose network's executive officer is Steve Burke.,"[['dbo:network'], ['dbo:keyPerson']]","['dbo:birthPlace', 'dbo:executiveProducer', 'dbo:network', 'dbo:starring', 'dbp:network']",list,0.5,0.2,0.2857142857142857,11,2,5,"[['dbo:network'], ['dbo:keyPerson']]","['dbo:network', 'dbp:company', 'dbp:judges', 'dbp:network', 'dbp:voices']",list,"[[23], [17]]"
18,0.5,0.2,0.2857142857142857,10,2,5,How many things belong to a division of plant kingdom?,"[['dbo:kingdom'], ['dbo:division']]","['dbo:division', 'dbo:order', 'dbo:parent', 'dbp:birthPlace', 'dbp:branch']",count,0.5,0.2,0.2857142857142857,10,2,5,"[['dbo:kingdom'], ['dbo:division']]","['dbo:division', 'dbo:foundationPlace', 'dbo:order', 'dbp:country', 'dbp:locationCountry']",count,"[[7], [12]]"
19,0.0,0.0,0.0,11,2,5,Who are some people whose relation is hqed in Gold Base?,"[['dbp:headquarters'], ['dbo:religion']]","['dbo:nationality', 'dbo:network', 'dbo:relation', 'dbo:relative', 'dbp:relatives']",factoid,0.5,0.2,0.2857142857142857,11,2,5,"[['dbp:headquarters'], ['dbo:religion']]","['dbo:leader', 'dbo:militaryUnit', 'dbo:residence', 'dbp:headquarters', 'dbp:membership']",factoid,"[[32], [257]]"
20,0.5,0.2,0.2857142857142857,16,2,5,Who is the writer of the Cavalcade of America and The United States Steel Hour ?,"[['dbo:writer'], ['dbo:writer']]","['dbo:notableWork', 'dbo:writer', 'dbp:notableworks', 'dbp:writer', 'dbp:writers']",factoid,0.5,0.2,0.2857142857142857,16,2,5,"[['dbo:writer'], ['dbo:writer']]","['dbo:author', 'dbo:musicalArtist', 'dbo:writer', 'dbp:lyrics', 'dbp:writer']",factoid,"[[1148], [1148]]"
21,0.0,0.0,0.0,13,2,5,Under which US president was a politician in opposition of John G Schmitz?,"[['dbp:opponent'], ['dbo:incumbent']]","['dbo:leader', 'dbo:opponent', 'dbo:party', 'dbo:president', 'dbo:residence']",factoid,0.0,0.0,0.0,13,2,5,"[['dbp:opponent'], ['dbo:incumbent']]","['dbo:leader', 'dbo:leaderName', 'dbo:opponent', 'dbo:party', 'dbo:president']",factoid,"[[2], [4]]"
22,0.5,0.2,0.2857142857142857,12,2,5,How many cities are around the sea which flows into the Atlantic?,"[['dbp:cities'], ['dbo:inflow']]","['dbo:city', 'dbo:outflow', 'dbo:riverMouth', 'dbp:cities', 'dbp:outflow']",count,0.5,0.2,0.2857142857142857,12,2,5,"[['dbp:cities'], ['dbo:inflow']]","['dbo:mouthMountain', 'dbo:outflow', 'dbo:riverMouth', 'dbp:cities', 'dbp:mouthLocation']",count,"[[31], [5]]"
23,0.5,0.2,0.2857142857142857,7,2,5,Titus software publishes which genre of games?,"[['dbp:publisher'], ['dbo:genre']]","['dbo:computingPlatform', 'dbo:developer', 'dbo:genre', 'dbo:publisher', 'dbp:genre']",list,0.5,0.2,0.2857142857142857,7,2,5,"[['dbp:publisher'], ['dbo:genre']]","['dbo:computingPlatform', 'dbo:developer', 'dbo:genre', 'dbo:publisher', 'dbp:genre']",list,"[[10], [5588]]"
24,0.5,0.2,0.2857142857142857,12,2,5,What is the television show whose channel's parent organisation is Fox Sports?,"[['dbo:channel'], ['dbo:parentOrganisation']]","['dbo:leader', 'dbo:network', 'dbo:parentOrganisation', 'dbp:company', 'dbp:parent']",factoid,0.0,0.0,0.0,12,2,5,"[['dbo:channel'], ['dbo:parentOrganisation']]","['dbo:network', 'dbp:company', 'dbp:distributor', 'dbp:network', 'dbp:sisterNames']",factoid,"[[8], [10]]"
25,0.5,0.2,0.2857142857142857,17,2,5,List all binomial authority of the insects whose one of the  binomial authority is douard Mntries?,"[['dbo:binomialAuthority'], ['dbo:binomialAuthority']]","['dbo:binomialAuthority', 'dbo:isPartOf', 'dbo:localAuthority', 'dbo:order', 'dbp:children']",list,0.5,0.2,0.2857142857142857,17,2,5,"[['dbo:binomialAuthority'], ['dbo:binomialAuthority']]","['dbo:binomialAuthority', 'dbo:citizenship', 'dbo:family', 'dbo:localAuthority', 'dbo:order']",list,"[[9], [9]]"
26,0.0,0.0,0.0,9,1,5,which california theme park is mickey's toontown located in?,[['dbp:park']],"['dbo:country', 'dbo:isPartOf', 'dbo:locatedInArea', 'dbo:location', 'dbo:region']",factoid,0.0,0.0,0.0,9,1,5,[['dbp:park']],"['dbo:city', 'dbo:country', 'dbo:isPartOf', 'dbo:location', 'dbo:region']",factoid,[[2]]
27,0.5,0.2,0.2857142857142857,14,2,5,List the cities which share the same water body as that of Florida ?,"[['dbp:cities'], ['dbp:cities']]","['dbo:city', 'dbo:sport', 'dbp:affiliation', 'dbp:cities', 'dbp:owner']",list,0.5,0.2,0.2857142857142857,14,2,5,"[['dbp:cities'], ['dbp:cities']]","['dbo:broadcastArea', 'dbo:city', 'dbp:cities', 'dbp:city', 'dbp:location']",list,"[[31], [31]]"
28,0.5,0.2,0.2857142857142857,14,2,5,What is the information appliance whose successor is PlayStation 4 and maker is Foxconn?,"[['dbp:manufacturer'], ['dbp:successor']]","['dbo:cpu', 'dbo:manufacturer', 'dbo:successor', 'dbp:predecessor', 'dbp:successor']",factoid,0.0,0.0,0.0,14,2,5,"[['dbp:manufacturer'], ['dbp:successor']]","['dbo:manufacturer', 'dbo:predecessor', 'dbo:successor', 'dbp:predecessor', 'dbp:related']",factoid,"[[6], [34]]"
29,0.5,0.2,0.2857142857142857,12,2,5,What are some team members of the team based in Camp Nou?,"[['dbo:homeStadium'], ['dbp:name']]","['dbo:bandMember', 'dbo:location', 'dbo:team', 'dbp:name', 'dbp:placeOfBirth']",factoid,0.5,0.2,0.2857142857142857,12,2,5,"[['dbo:homeStadium'], ['dbp:name']]","['dbo:formerTeam', 'dbo:ground', 'dbo:locationCity', 'dbp:name', 'dbp:nationalteam']",factoid,"[[11], [18]]"
30,0.5,0.2,0.2857142857142857,5,2,5,Starwood operates in which places?,"[['dbp:operator'], ['dbp:address']]","['dbo:city', 'dbo:operatedBy', 'dbo:operator', 'dbp:location', 'dbp:operator']",list,0.0,0.0,0.0,5,2,5,"[['dbp:operator'], ['dbp:address']]","['dbo:broadcastArea', 'dbo:city', 'dbo:location', 'dbo:state', 'dbp:headquarters']",list,"[[11], [11]]"
31,0.5,0.2,0.2857142857142857,10,2,5,Which awards are presented by the committee located in Stockholm?,"[['dbp:headquarters'], ['dbo:presenter']]","['dbo:city', 'dbo:country', 'dbo:location', 'dbo:presenter', 'dbo:restingPlace']",factoid,0.0,0.0,0.0,10,2,5,"[['dbp:headquarters'], ['dbo:presenter']]","['dbo:award', 'dbo:headquarter', 'dbo:location', 'dbp:awards', 'dbp:governingBody']",factoid,"[[32], [10]]"
32,0.5,0.2,0.2857142857142857,15,2,5,Which tenant of New Sanno Hotel is the military branch of the Gary Holder-Winfield ?,"[['dbo:militaryBranch'], ['dbo:tenant']]","['dbo:militaryBranch', 'dbp:branch', 'dbp:founder', 'dbp:office', 'dbp:placeOfDeath']",factoid,0.5,0.2,0.2857142857142857,15,2,5,"[['dbo:militaryBranch'], ['dbo:tenant']]","['dbo:commander', 'dbo:militaryBranch', 'dbo:militaryUnit', 'dbp:battles', 'dbp:mascot']",factoid,"[[19], [28]]"
33,0.5,0.2,0.2857142857142857,15,2,5,How many other family of the mammals exists  whose family is also Hominidae ?,"[['dbo:family'], ['dbo:family']]","['dbo:family', 'dbo:isPartOf', 'dbo:order', 'dbo:species', 'dbp:children']",count,0.5,0.2,0.2857142857142857,15,2,5,"[['dbo:family'], ['dbo:family']]","['dbo:ethnicity', 'dbo:family', 'dbo:order', 'dbo:phylum', 'dbo:species']",count,"[[20], [20]]"
34,0.5,0.2,0.2857142857142857,12,2,5,Radios on what topics can be tuned in to in Washington DC?,"[['dbo:broadcastArea'], ['dbo:programmeFormat']]","['dbo:deathPlace', 'dbo:programmeFormat', 'dbp:country', 'dbp:music', 'dbp:subject']",list,0.5,0.2,0.2857142857142857,12,2,5,"[['dbo:broadcastArea'], ['dbo:programmeFormat']]","['dbo:associatedBand', 'dbo:genre', 'dbo:instrument', 'dbo:programmeFormat', 'dbp:genre']",list,"[[48], [100]]"
35,0.0,0.0,0.0,7,1,5,How much carbs does peanut butter have?,[['dbp:carbs']],"['dbo:city', 'dbo:ingredient', 'dbo:mountainRange', 'dbo:writer', 'dbp:country']",factoid,0.0,0.0,0.0,7,1,5,[['dbp:carbs']],"['dbo:class', 'dbo:ingredient', 'dbo:order', 'dbo:species', 'dbp:mainIngredient']",factoid,[[1]]
36,0.5,0.2,0.2857142857142857,13,2,5,Who are the relatives of the character after which Quagmire's Quagmire was made?,"[['dbo:subsequentWork'], ['dbo:relative']]","['dbo:creator', 'dbo:religion', 'dbo:subsequentWork', 'dbo:successor', 'dbp:relatives']",factoid,0.5,0.2,0.2857142857142857,13,2,5,"[['dbo:subsequentWork'], ['dbo:relative']]","['dbo:creator', 'dbo:relation', 'dbo:relative', 'dbp:creators', 'dbp:relatives']",factoid,"[[31], [22]]"
37,0.5,0.2,0.2857142857142857,19,2,5,"Of all the teams that Andrew Economos played for, which one did Jerrel Jackson play his first game for?","[['dbo:formerTeam'], ['dbo:debutTeam']]","['dbo:formerTeam', 'dbo:publisher', 'dbo:team', 'dbp:debutteam', 'dbp:playedFor']",list,0.5,0.2,0.2857142857142857,19,2,5,"[['dbo:formerTeam'], ['dbo:debutTeam']]","['dbo:formerTeam', 'dbo:team', 'dbp:playedFor', 'dbp:team', 'dbp:youthclubs']",list,"[[36], [20]]"
38,0.5,0.2,0.2857142857142857,11,2,5,What is the occupation of the band members of The Shirelles?,"[['dbo:associatedMusicalArtist'], ['dbo:occupation']]","['dbo:associatedBand', 'dbo:bandMember', 'dbo:instrument', 'dbo:occupation', 'dbp:currentMembers']",factoid,0.5,0.2,0.2857142857142857,11,2,5,"[['dbo:associatedMusicalArtist'], ['dbo:occupation']]","['dbo:instrument', 'dbo:occupation', 'dbp:currentMembers', 'dbp:employer', 'dbp:occupation']",factoid,"[[26], [629]]"
39,0.5,0.2,0.2857142857142857,13,2,5,What is the common ethnicity of the Maike Evers and Francisco Lachowski ?,"[['dbo:ethnicity'], ['dbo:ethnicity']]","['dbo:ethnicity', 'dbo:religion', 'dbo:stateOfOrigin', 'dbp:ethnicity', 'dbp:religion']",factoid,0.5,0.2,0.2857142857142857,13,2,5,"[['dbo:ethnicity'], ['dbo:ethnicity']]","['dbo:ethnicity', 'dbo:family', 'dbo:residence', 'dbp:ethnicity', 'dbp:residence']",factoid,"[[39], [39]]"
40,0.0,0.0,0.0,9,1,5,Give me all breeds of the German Shepherd dog.,[['dbp:breed']],"['dbo:child', 'dbo:family', 'dbo:honours', 'dbo:species', 'dbp:mascot']",list,0.0,0.0,0.0,9,1,5,[['dbp:breed']],"['dbo:class', 'dbo:ethnicity', 'dbo:family', 'dbo:order', 'dbo:species']",list,[[1]]
41,0.5,0.2,0.2857142857142857,14,2,5,What is the ethnicity of the people working for the Philippines house of representatives?,"[['dbo:occupation'], ['dbo:ethnicity']]","['dbo:almaMater', 'dbo:ethnicity', 'dbo:residence', 'dbp:office', 'dbp:residence']",factoid,0.5,0.2,0.2857142857142857,14,2,5,"[['dbo:occupation'], ['dbo:ethnicity']]","['dbo:ethnicity', 'dbo:party', 'dbo:residence', 'dbp:ethnicity', 'dbp:residence']",factoid,"[[629], [39]]"
42,0.5,0.2,0.2857142857142857,11,2,5,Count the number of different religions that field marshals have followed?,"[['dbo:militaryRank'], ['dbo:religion']]","['dbo:field', 'dbo:profession', 'dbo:religion', 'dbp:fields', 'dbp:religion']",count,0.5,0.2,0.2857142857142857,11,2,5,"[['dbo:militaryRank'], ['dbo:religion']]","['dbo:militaryBranch', 'dbo:profession', 'dbo:religion', 'dbp:religion', 'dbp:veneratedIn']",count,"[[7], [257]]"
43,0.0,0.0,0.0,8,2,5,Where are jockeys in Dubai World Cup from?,"[['dbo:race'], ['dbp:birthPlace']]","['dbo:birthPlace', 'dbo:country', 'dbo:hometown', 'dbo:location', 'dbo:nationality']",factoid,0.5,0.2,0.2857142857142857,8,2,5,"[['dbo:race'], ['dbp:birthPlace']]","['dbo:birthPlace', 'dbo:country', 'dbo:hometown', 'dbo:nationality', 'dbp:birthPlace']",factoid,"[[6], [1526]]"
44,0.5,0.2,0.2857142857142857,11,2,5,What is the deathplace of people who have worked in Ethics?,"[['dbp:mainInterests'], ['dbp:placeOfDeath']]","['dbo:deathPlace', 'dbo:employer', 'dbo:occupation', 'dbp:deathPlace', 'dbp:placeOfDeath']",factoid,0.5,0.2,0.2857142857142857,11,2,5,"[['dbp:mainInterests'], ['dbp:placeOfDeath']]","['dbo:author', 'dbo:knownFor', 'dbo:notableWork', 'dbp:fields', 'dbp:mainInterests']",factoid,"[[14], [32]]"
45,0.0,0.0,0.0,10,2,5,In which municipalities does the NYC housing authority own buildings?,"[['dbo:owningOrganisation'], ['dbo:municipality']]","['dbo:deathPlace', 'dbo:localAuthority', 'dbo:location', 'dbo:tenant', 'dbp:governingBody']",factoid,0.0,0.0,0.0,10,2,5,"[['dbo:owningOrganisation'], ['dbo:municipality']]","['dbo:builder', 'dbo:location', 'dbo:maintainedBy', 'dbo:tenant', 'dbp:owner']",factoid,"[[9], [9]]"
46,0.0,0.0,0.0,9,2,5,How many years was the Ford Model T manufactured?,"[['dbo:productionEndYear'], ['dbo:productionStartYear']]","['dbo:automobilePlatform', 'dbo:child', 'dbo:manufacturer', 'dbo:predecessor', 'dbp:related']",count,0.0,0.0,0.0,9,2,5,"[['dbo:productionEndYear'], ['dbo:productionStartYear']]","['dbo:class', 'dbo:layout', 'dbo:manufacturer', 'dbo:successor', 'dbp:related']",count,"[[1], [1]]"
47,0.0,0.0,0.0,6,1,5,When was Alberta admitted as province?,[['dbp:admittancedate']],"['dbo:country', 'dbo:province', 'dbo:type', 'dbp:birthPlace', 'dbp:province']",factoid,0.0,0.0,0.0,6,1,5,[['dbp:admittancedate']],"['dbo:capital', 'dbo:largestCity', 'dbp:country', 'dbp:locationCountry', 'dbp:placeOfBirth']",factoid,[[2]]
48,0.5,0.2,0.2857142857142857,10,2,5,Name some people working at someplace owned by News Corp.,"[['dbp:owners'], ['dbo:employer']]","['dbo:employer', 'dbo:occupation', 'dbo:owner', 'dbo:owningCompany', 'dbp:employer']",list,0.0,0.0,0.0,10,2,5,"[['dbp:owners'], ['dbo:employer']]","['dbo:location', 'dbo:owner', 'dbo:owningCompany', 'dbp:foundation', 'dbp:owner']",list,"[[6], [18]]"
49,0.5,0.2,0.2857142857142857,14,2,5,List the origin of the weapons which were used in the American Revolutionary War.,"[['dbo:usedInWar'], ['dbp:origin']]","['dbo:battle', 'dbo:origin', 'dbp:genre', 'dbp:office', 'dbp:origin']",list,0.0,0.0,0.0,14,2,5,"[['dbo:usedInWar'], ['dbp:origin']]","['dbo:birthPlace', 'dbo:currency', 'dbo:genre', 'dbo:hometown', 'dbo:origin']",list,"[[3], [12]]"
50,0.0,0.0,0.0,10,1,5,President of Ghana is the leader title of which country?,[['dbp:leaderTitle']],"['dbo:country', 'dbo:genre', 'dbo:leader', 'dbo:leaderName', 'dbp:leaderName']",list,0.0,0.0,0.0,10,1,5,[['dbp:leaderTitle']],"['dbo:capital', 'dbo:country', 'dbo:leader', 'dbo:leaderName', 'dbp:allegiance']",list,[[5]]
51,0.5,0.2,0.2857142857142857,11,2,5,Where does the network cofounded by Seewoosagur Ramgoolam air its shows?,"[['dbp:founder'], ['dbp:broadcastArea']]","['dbo:birthPlace', 'dbo:foundedBy', 'dbo:network', 'dbp:founder', 'dbp:network']",factoid,0.0,0.0,0.0,11,2,5,"[['dbp:founder'], ['dbp:broadcastArea']]","['dbo:network', 'dbp:company', 'dbp:distributor', 'dbp:network', 'dbp:sisterNames']",factoid,"[[25], [11]]"
52,0.5,0.2,0.2857142857142857,18,2,5,"Who  has these major shrines  : Emmitsburg, Maryland and Shrine of St. Elizabeth Ann Bayley Seton?","[['dbo:majorShrine'], ['dbo:majorShrine']]","['dbo:majorShrine', 'dbp:birthPlace', 'dbp:majorShrine', 'dbp:placeOfBirth', 'dbp:veneratedIn']",factoid,0.0,0.0,0.0,18,2,5,"[['dbo:majorShrine'], ['dbo:majorShrine']]","['dbo:location', 'dbo:restingPlace', 'dbp:placeOfBurial', 'dbp:restingPlace', 'dbp:restingplace']",factoid,"[[6], [6]]"
53,0.0,0.0,0.0,7,1,5,Who was on the Apollo 11 mission?,[['dbp:crewMembers']],"['dbo:locatedInArea', 'dbo:mission', 'dbo:writer', 'dbp:mission', 'dbp:type']",factoid,0.0,0.0,0.0,7,1,5,[['dbp:crewMembers']],"['dbo:musicComposer', 'dbo:publisher', 'dbp:mission', 'dbp:modes', 'dbp:type']",factoid,[[1]]
54,0.5,0.2,0.2857142857142857,17,2,5,What is the television show with presentator as Ryan Seacrest and theme music composer as Julian Gingell?,"[['dbo:presenter'], ['dbp:themeMusicComposer']]","['dbp:channel', 'dbp:company', 'dbp:creator', 'dbp:genre', 'dbp:themeMusicComposer']",factoid,0.5,0.2,0.2857142857142857,17,2,5,"[['dbo:presenter'], ['dbp:themeMusicComposer']]","['dbo:associatedBand', 'dbo:musicComposer', 'dbp:creator', 'dbp:music', 'dbp:themeMusicComposer']",factoid,"[[10], [28]]"
55,0.5,0.2,0.2857142857142857,13,2,5,Where is Tahual located which is also the country of Ren Romano ?,"[['dbp:citizenship'], ['dbp:location']]","['dbo:country', 'dbo:region', 'dbp:location', 'dbp:locationCountry', 'dbp:region']",factoid,0.0,0.0,0.0,13,2,5,"[['dbp:citizenship'], ['dbp:location']]","['dbo:capital', 'dbo:country', 'dbo:nationality', 'dbo:region', 'dbp:locationCountry']",factoid,"[[7], [22]]"
56,0.5,0.2,0.2857142857142857,12,2,5,Which genre of books does the writer of The Many Hands write?,"[['dbp:author'], ['dbo:genre']]","['dbo:author', 'dbo:literaryGenre', 'dbp:author', 'dbp:subject', 'dbp:writer']",factoid,0.0,0.0,0.0,12,2,5,"[['dbp:author'], ['dbo:genre']]","['dbo:author', 'dbo:literaryGenre', 'dbo:nonFictionSubject', 'dbo:notableWork', 'dbo:occupation']",factoid,"[[24], [5588]]"
57,0.5,0.2,0.2857142857142857,17,2,5,What is the headquarters of the public transit system which is the system of Bottineau LRT ?,"[['dbp:system'], ['dbp:headquarters']]","['dbo:manufacturer', 'dbo:owningOrganisation', 'dbo:type', 'dbp:headquarters', 'dbp:operator']",factoid,0.5,0.2,0.2857142857142857,17,2,5,"[['dbp:system'], ['dbp:headquarters']]","['dbo:operator', 'dbo:regionServed', 'dbp:foundation', 'dbp:headquarters', 'dbp:services']",factoid,"[[4], [32]]"
58,0.5,0.2,0.2857142857142857,17,2,5,"How many awards have been received by graduates of University of Melbourne, Faculty of VCA & MCM?","[['dbo:training'], ['dbo:award']]","['dbo:almaMater', 'dbo:award', 'dbp:awards', 'dbp:education', 'dbp:prizes']",count,0.5,0.2,0.2857142857142857,17,2,5,"[['dbo:training'], ['dbo:award']]","['dbo:almaMater', 'dbo:award', 'dbp:almaMater', 'dbp:awards', 'dbp:prizes']",count,"[[9], [67]]"
59,0.5,0.2,0.2857142857142857,15,2,5,Which mainter of Pandaruan Bridge is also the land of Malaysia junior Hockey league ?,"[['dbo:country'], ['dbo:maintainedBy']]","['dbo:birthPlace', 'dbo:country', 'dbo:isPartOf', 'dbo:locatedInArea', 'dbo:state']",factoid,0.5,0.2,0.2857142857142857,15,2,5,"[['dbo:country'], ['dbo:maintainedBy']]","['dbo:country', 'dbo:locatedInArea', 'dbo:sourceCountry', 'dbo:state', 'dbp:state']",factoid,"[[2554], [12]]"
60,0.0,0.0,0.0,7,1,5,Name the university of Alexandre Tichonov ?,[['dbp:university']],"['dbo:campus', 'dbo:institution', 'dbo:university', 'dbp:athletics', 'dbp:education']",list,0.0,0.0,0.0,7,1,5,[['dbp:university']],"['dbo:almaMater', 'dbo:campus', 'dbo:institution', 'dbo:university', 'dbp:almaMater']",list,[[3]]
61,0.5,0.2,0.2857142857142857,13,2,5,What is the municipality of the Homestead Grays Bridge and Roberto Clemente Bridge?,"[['dbo:municipality'], ['dbo:municipality']]","['dbo:isPartOf', 'dbo:municipality', 'dbo:state', 'dbp:district', 'dbp:neighboringMunicipalities']",factoid,0.5,0.2,0.2857142857142857,13,2,5,"[['dbo:municipality'], ['dbo:municipality']]","['dbo:builder', 'dbo:locatedInArea', 'dbo:maintainedBy', 'dbo:municipality', 'dbp:address']",factoid,"[[9], [9]]"
62,0.5,0.2,0.2857142857142857,11,2,5,"In which region is the rival school of Somerset, Massachusetts located?","[['dbp:rival'], ['dbo:region']]","['dbo:location', 'dbo:region', 'dbo:rival', 'dbo:state', 'dbo:successor']",factoid,0.5,0.2,0.2857142857142857,11,2,5,"[['dbp:rival'], ['dbo:region']]","['dbo:country', 'dbo:locatedInArea', 'dbo:location', 'dbo:region', 'dbo:state']",factoid,"[[2], [1153]]"
63,0.5,0.2,0.2857142857142857,10,2,5,whose is famous works are Maniac Magee and Wringer ?,"[['dbp:notableworks'], ['dbp:notableworks']]","['dbo:employer', 'dbo:knownFor', 'dbo:notableWork', 'dbo:occupation', 'dbp:notableworks']",factoid,0.0,0.0,0.0,10,2,5,"[['dbp:notableworks'], ['dbp:notableworks']]","['dbo:author', 'dbo:doctoralStudent', 'dbo:field', 'dbo:knownFor', 'dbo:notableWork']",factoid,"[[16], [16]]"
64,0.0,0.0,0.0,6,1,5,How many shows does HBO have?,[['dbo:company']],"['dbo:genre', 'dbo:network', 'dbp:company', 'dbp:genre', 'dbp:network']",count,0.0,0.0,0.0,6,1,5,[['dbo:company']],"['dbo:network', 'dbp:company', 'dbp:distributor', 'dbp:network', 'dbp:voices']",count,[[11]]
65,0.5,0.2,0.2857142857142857,12,2,5,How many different people hold authority over the members of Balanidae family?,"[['dbo:family'], ['dbo:binomialAuthority']]","['dbo:family', 'dbo:isPartOf', 'dbo:parentOrganisation', 'dbo:region', 'dbp:children']",count,0.5,0.2,0.2857142857142857,12,2,5,"[['dbo:family'], ['dbo:binomialAuthority']]","['dbo:family', 'dbo:relation', 'dbo:residence', 'dbp:allegiance', 'dbp:successor']",count,"[[20], [9]]"
66,0.5,0.2,0.2857142857142857,9,2,5,Which series are Lennier and Londo Mollari both from?,"[['dbo:series'], ['dbo:series']]","['dbo:nationality', 'dbo:notableWork', 'dbo:series', 'dbp:author', 'dbp:series']",factoid,0.5,0.2,0.2857142857142857,9,2,5,"[['dbo:series'], ['dbo:series']]","['dbo:series', 'dbo:starring', 'dbo:subsequentWork', 'dbp:genre', 'dbp:series']",factoid,"[[71], [71]]"
67,0.5,0.2,0.2857142857142857,9,2,5,Whose songs are Tickle Me and Viva Las Vegas?,"[['dbp:artist'], ['dbp:artist']]","['dbo:album', 'dbo:artist', 'dbo:musicalArtist', 'dbp:artist', 'dbp:director']",factoid,0.5,0.2,0.2857142857142857,9,2,5,"[['dbp:artist'], ['dbp:artist']]","['dbo:artist', 'dbo:associatedBand', 'dbo:musicalArtist', 'dbp:album', 'dbp:artist']",factoid,"[[38], [38]]"
68,0.5,0.2,0.2857142857142857,8,2,5,List the colonel with branch as Militia ?,"[['dbp:branch'], ['dbp:rank']]","['dbo:genre', 'dbo:governor', 'dbo:locatedInArea', 'dbo:militaryBranch', 'dbp:branch']",list,0.0,0.0,0.0,8,2,5,"[['dbp:branch'], ['dbp:rank']]","['dbo:militaryBranch', 'dbo:militaryRank', 'dbo:militaryUnit', 'dbo:relation', 'dbp:notableCommanders']",list,"[[18], [6]]"
69,0.0,0.0,0.0,8,1,5,Which models were featured in Playboy Playmates 1954?,[['dbp:succeeded']],"['dbo:associatedBand', 'dbo:genre', 'dbo:predecessor', 'dbo:recordedIn', 'dbp:related']",factoid,0.0,0.0,0.0,8,1,5,[['dbp:succeeded']],"['dbo:birthPlace', 'dbo:formerPartner', 'dbo:knownFor', 'dbp:birthPlace', 'dbp:cinematography']",factoid,[[1]]
70,0.0,0.0,0.0,15,2,5,Who are the people whose alumna is a part of the National Collegiate Athletic Association?,"[['dbo:athletics'], ['dbp:education']]","['dbo:affiliation', 'dbo:almaMater', 'dbo:birthPlace', 'dbp:almaMater', 'dbp:athletics']",factoid,0.5,0.2,0.2857142857142857,15,2,5,"[['dbo:athletics'], ['dbp:education']]","['dbo:athletics', 'dbo:president', 'dbo:sport', 'dbp:athletics', 'dbp:mascot']",factoid,"[[10], [21]]"
71,0.0,0.0,0.0,8,1,5,When did the Boston Tea Party take place?,[['dbp:date']],"['dbo:hometown', 'dbo:place', 'dbo:tenant', 'dbp:place', 'dbp:venue']",factoid,0.0,0.0,0.0,8,1,5,[['dbp:date']],"['dbo:leader', 'dbo:leaderName', 'dbo:location', 'dbo:place', 'dbp:leader']",factoid,[[2]]
72,0.0,0.0,0.0,12,2,5,Which prime ministers were served by the governor who appointed Murray Gleeson?,"[['dbo:appointer'], ['dbo:primeMinister']]","['dbo:governor', 'dbo:nominee', 'dbp:branch', 'dbp:governor', 'dbp:primeminister']",factoid,0.5,0.2,0.2857142857142857,12,2,5,"[['dbo:appointer'], ['dbo:primeMinister']]","['dbo:primeMinister', 'dbp:appointer', 'dbp:deputy', 'dbp:governor', 'dbp:president']",factoid,"[[7], [10]]"
73,0.5,0.2,0.2857142857142857,13,2,5,What is the baseball team whose club manager's debut team is Houston Astros?,"[['dbo:manager'], ['dbo:debutTeam']]","['dbo:debutTeam', 'dbo:position', 'dbo:team', 'dbp:birthPlace', 'dbp:debutteam']",factoid,0.5,0.2,0.2857142857142857,13,2,5,"[['dbo:manager'], ['dbo:debutTeam']]","['dbo:debutTeam', 'dbo:managerClub', 'dbo:team', 'dbp:debutteam', 'dbp:playedFor']",factoid,"[[10], [20]]"
74,0.5,0.2,0.2857142857142857,9,2,5,Solon Spencer Beman has architected in how many cities?,"[['dbp:locationTown'], ['dbo:architect']]","['dbo:architect', 'dbo:city', 'dbo:designer', 'dbp:architect', 'dbp:designer']",count,0.5,0.2,0.2857142857142857,9,2,5,"[['dbp:locationTown'], ['dbo:architect']]","['dbo:architect', 'dbo:builder', 'dbo:tenant', 'dbp:address', 'dbp:architect']",count,"[[6], [43]]"
75,0.5,0.2,0.2857142857142857,6,2,5,What was the first Queen album?,"[['dbo:artist'], ['dbo:releaseDate']]","['dbo:artist', 'dbo:birthPlace', 'dbo:genre', 'dbo:type', 'dbp:birthPlace']",factoid,0.5,0.2,0.2857142857142857,6,2,5,"[['dbo:artist'], ['dbo:releaseDate']]","['dbo:album', 'dbo:artist', 'dbo:country', 'dbo:hometown', 'dbo:type']",factoid,"[[1147], [4]]"
76,0.0,0.0,0.0,12,1,5,When will start the final match of the football world cup 2018?,[['dbp:date']],"['dbo:riverMouth', 'dbo:routeEnd', 'dbo:sourceCountry', 'dbo:subsequentWork', 'dbp:debutteam']",factoid,0.0,0.0,0.0,12,1,5,[['dbp:date']],"['dbo:ground', 'dbo:hometown', 'dbo:league', 'dbo:locationCity', 'dbp:name']",factoid,[[2]]
77,0.0,0.0,0.0,8,2,5,In which cities are there stations of SCOLA?,"[['dbo:broadcastNetwork'], ['dbp:city']]","['dbo:city', 'dbo:programmeFormat', 'dbp:area', 'dbp:location', 'dbp:sisterStations']",factoid,0.5,0.2,0.2857142857142857,8,2,5,"[['dbo:broadcastNetwork'], ['dbp:city']]","['dbo:city', 'dbo:location', 'dbp:cities', 'dbp:city', 'dbp:location']",factoid,"[[2], [28]]"
78,0.5,0.2,0.2857142857142857,16,2,5,Daniel L D Granger and Job Durfee have based their political career in which US state?,"[['dbp:state'], ['dbp:state']]","['dbo:location', 'dbo:occupation', 'dbo:state', 'dbo:stateOfOrigin', 'dbp:state']",list,0.0,0.0,0.0,16,2,5,"[['dbp:state'], ['dbp:state']]","['dbo:birthPlace', 'dbo:occupation', 'dbo:residence', 'dbp:birthPlace', 'dbp:office']",list,"[[21], [21]]"
79,0.5,0.2,0.2857142857142857,11,2,5,Which ancient country had capital as Nicomedia and History of Trier?,"[['dbo:capital'], ['dbo:capital']]","['dbo:birthPlace', 'dbo:capital', 'dbo:country', 'dbo:nationality', 'dbo:region']",factoid,0.5,0.2,0.2857142857142857,11,2,5,"[['dbo:capital'], ['dbo:capital']]","['dbo:capital', 'dbo:country', 'dbo:largestCity', 'dbp:country', 'dbp:locationCountry']",factoid,"[[21], [21]]"
80,0.5,0.2,0.2857142857142857,11,2,5,what are the nicknames of the people who are in Ekstraliga?,"[['dbp:league'], ['dbp:nickname']]","['dbo:birthPlace', 'dbp:birthPlace', 'dbp:city', 'dbp:nickname', 'dbp:title']",factoid,0.5,0.2,0.2857142857142857,11,2,5,"[['dbp:league'], ['dbp:nickname']]","['dbo:militaryUnit', 'dbp:city', 'dbp:mascot', 'dbp:nickname', 'dbp:pastMembers']",factoid,"[[12], [19]]"
81,0.5,0.2,0.2857142857142857,13,2,5,What are the software whose operating systems are Mac OS and Microsoft Windows?,"[['dbo:operatingSystem'], ['dbo:operatingSystem']]","['dbo:computingPlatform', 'dbo:license', 'dbo:operatingSystem', 'dbp:os', 'dbp:programmingLanguage']",factoid,0.5,0.2,0.2857142857142857,13,2,5,"[['dbo:operatingSystem'], ['dbo:operatingSystem']]","['dbo:developer', 'dbo:license', 'dbo:operatingSystem', 'dbp:developer', 'dbp:programmingLanguage']",factoid,"[[15], [15]]"
82,0.5,0.2,0.2857142857142857,17,2,5,What is the draft team of the Antoine Bibeau and also has player named Nathan Dempsey ?,"[['dbp:draftTeam'], ['dbp:playedFor']]","['dbo:team', 'dbp:draftTeam', 'dbp:placeOfBirth', 'dbp:placeOfDeath', 'dbp:prospectTeam']",factoid,0.5,0.2,0.2857142857142857,17,2,5,"[['dbp:draftTeam'], ['dbp:playedFor']]","['dbo:debutTeam', 'dbo:team', 'dbp:debutteam', 'dbp:draftTeam', 'dbp:prospectTeam']",factoid,"[[17], [16]]"
83,0.5,0.2,0.2857142857142857,13,2,5,"In which ice hockey league, did the team coached by Joel Quenneville win?","[['dbp:champion'], ['dbp:headCoach']]","['dbo:coach', 'dbo:league', 'dbp:coach', 'dbp:headCoach', 'dbp:team']",factoid,0.5,0.2,0.2857142857142857,13,2,5,"[['dbp:champion'], ['dbp:headCoach']]","['dbo:coach', 'dbo:manager', 'dbp:coach', 'dbp:headCoach', 'dbp:headcoach']",factoid,"[[6], [7]]"
84,0.5,0.2,0.2857142857142857,13,2,5,How many movies were directed by the graduate of Burbank High School ?,"[['dbp:director'], ['dbp:education']]","['dbo:almaMater', 'dbo:director', 'dbo:distributor', 'dbp:almaMater', 'dbp:director']",count,0.5,0.2,0.2857142857142857,13,2,5,"[['dbp:director'], ['dbp:education']]","['dbo:director', 'dbp:animator', 'dbp:director', 'dbp:editing', 'dbp:starring']",count,"[[19], [21]]"
85,0.0,0.0,0.0,10,1,5,Name the movies writtten by the group Monty Python ?,[['dbp:writer']],"['dbo:cinematography', 'dbo:writer', 'dbp:director', 'dbp:music', 'dbp:studio']",list,0.0,0.0,0.0,10,1,5,[['dbp:writer']],"['dbo:starring', 'dbp:artist', 'dbp:starring', 'dbp:themeMusicComposer', 'dbp:voices']",list,[[61]]
86,0.0,0.0,0.0,6,1,5,Which school did Robbie Diack attend?,[['dbp:school']],"['dbo:almaMater', 'dbo:education', 'dbo:school', 'dbo:type', 'dbp:highSchool']",factoid,0.0,0.0,0.0,6,1,5,[['dbp:school']],"['dbo:college', 'dbo:education', 'dbo:type', 'dbp:almaMater', 'dbp:education']",factoid,[[4]]
87,0.5,0.2,0.2857142857142857,18,2,5,"List the significant buildings of the arch. whose one of the important work is Government Building, Kiev ?","[['dbo:significantBuilding'], ['dbo:significantBuilding']]","['dbo:location', 'dbo:notableWork', 'dbo:significantBuilding', 'dbp:majorShrine', 'dbp:office']",list,0.0,0.0,0.0,18,2,5,"[['dbo:significantBuilding'], ['dbo:significantBuilding']]","['dbo:architect', 'dbo:builder', 'dbo:tenant', 'dbp:address', 'dbp:architect']",list,"[[7], [7]]"
88,0.5,0.2,0.2857142857142857,12,2,5,How many more teams have rented the stadium used by Raptors 905?,"[['dbp:arena'], ['dbo:tenant']]","['dbo:tenant', 'dbp:location', 'dbp:owner', 'dbp:tenants', 'dbp:venue']",count,0.5,0.2,0.2857142857142857,12,2,5,"[['dbp:arena'], ['dbo:tenant']]","['dbo:builder', 'dbo:location', 'dbo:tenant', 'dbp:tenants', 'dbp:venue']",count,"[[7], [28]]"
89,0.0,0.0,0.0,10,1,5,Name an architect famous for the sever hall in Massachusetts.,[['dbo:architect']],"['dbo:city', 'dbo:location', 'dbp:architect', 'dbp:birthPlace', 'dbp:knownFor']",list,0.0,0.0,0.0,10,1,5,[['dbo:architect']],"['dbo:city', 'dbo:locatedInArea', 'dbo:location', 'dbo:region', 'dbo:state']",list,[[43]]
90,0.5,0.2,0.2857142857142857,8,2,5,Which shows had their painters born in England?,"[['dbo:creator'], ['dbp:birthPlace']]","['dbo:birthPlace', 'dbo:country', 'dbo:hometown', 'dbp:birthPlace', 'dbp:genre']",factoid,0.5,0.2,0.2857142857142857,8,2,5,"[['dbo:creator'], ['dbp:birthPlace']]","['dbo:birthPlace', 'dbo:starring', 'dbp:birthPlace', 'dbp:placeOfBirth', 'dbp:starring']",factoid,"[[246], [1526]]"
91,0.5,0.2,0.2857142857142857,12,2,5,Which awards has been given to both michel hazanavicius and geoffrey rush?,"[['dbp:awards'], ['dbp:awards']]","['dbo:award', 'dbo:honours', 'dbo:restingPlace', 'dbo:service', 'dbp:awards']",factoid,0.5,0.2,0.2857142857142857,12,2,5,"[['dbp:awards'], ['dbp:awards']]","['dbo:award', 'dbo:honours', 'dbo:service', 'dbp:awards', 'dbp:restingplace']",factoid,"[[50], [50]]"
92,0.5,0.2,0.2857142857142857,14,2,5,Which river's source mountain is Baikal Mountains and is located in Laptev Sea ?,"[['dbo:sourceMountain'], ['dbp:mouthLocation']]","['dbo:locatedInArea', 'dbo:location', 'dbo:source', 'dbo:sourceMountain', 'dbo:sourcePlace']",factoid,0.0,0.0,0.0,14,2,5,"[['dbo:sourceMountain'], ['dbp:mouthLocation']]","['dbo:locatedInArea', 'dbo:mouthMountain', 'dbo:outflow', 'dbo:riverMouth', 'dbp:outflow']",factoid,"[[11], [14]]"
93,0.0,0.0,0.0,9,1,5,How many states does the Pioneer corporation operate in?,[['dbp:country']],"['dbo:country', 'dbo:location', 'dbo:state', 'dbp:operator', 'dbp:state']",count,0.0,0.0,0.0,9,1,5,[['dbp:country']],"['dbo:city', 'dbo:industry', 'dbo:location', 'dbo:locationCity', 'dbo:operator']",count,[[18]]
94,0.5,0.2,0.2857142857142857,10,2,5,What show has writing of Erik Jendresen and Graham Yost?,"[['dbp:writer'], ['dbp:writer']]","['dbo:author', 'dbo:writer', 'dbp:author', 'dbp:producer', 'dbp:writer']",factoid,0.5,0.2,0.2857142857142857,10,2,5,"[['dbp:writer'], ['dbp:writer']]","['dbo:author', 'dbo:writer', 'dbp:author', 'dbp:creator', 'dbp:writer']",factoid,"[[61], [61]]"
95,0.0,0.0,0.0,13,1,5,Did Hank Williams Jr. make Early in the Morning and Late at Night?,[['dbo:musicalArtist']],"['dbo:child', 'dbo:hometown', 'dbo:manufacturer', 'dbo:musicalBand', 'dbp:birthPlace']",boolean,0.0,0.0,0.0,13,1,5,[['dbo:musicalArtist']],"['dbo:associatedBand', 'dbo:subsequentWork', 'dbp:artist', 'dbp:creator', 'dbp:themeMusicComposer']",boolean,[[23]]
96,0.5,0.2,0.2857142857142857,9,2,5,Who collaborated with Johnny Cash and Kris Kristofferson ?,"[['dbp:associatedActs'], ['dbp:associatedActs']]","['dbo:associatedBand', 'dbo:associatedMusicalArtist', 'dbo:partner', 'dbp:associatedActs', 'dbp:writer']",factoid,0.0,0.0,0.0,9,2,5,"[['dbp:associatedActs'], ['dbp:associatedActs']]","['dbo:associatedMusicalArtist', 'dbo:employer', 'dbo:musicComposer', 'dbp:keyPeople', 'dbp:label']",factoid,"[[19], [19]]"
97,0.5,0.2,0.2857142857142857,16,2,5,"Which band made the song Take me There, and has collaborated with Blayse in the past?","[['dbo:associatedBand'], ['dbo:musicalBand']]","['dbo:associatedBand', 'dbo:associatedMusicalArtist', 'dbo:musicComposer', 'dbo:musicalArtist', 'dbp:pastMembers']",factoid,0.5,0.2,0.2857142857142857,16,2,5,"[['dbo:associatedBand'], ['dbo:musicalBand']]","['dbo:associatedBand', 'dbo:associatedMusicalArtist', 'dbo:bandMember', 'dbo:formerBandMember', 'dbp:artist']",factoid,"[[22], [10]]"
98,0.5,0.2,0.2857142857142857,13,2,5,"Where is the assembly of Plymouth Savoy, and where Special 26 was recorded?","[['dbo:assembly'], ['dbp:recorded']]","['dbo:assembly', 'dbo:country', 'dbo:publisher', 'dbo:recordedIn', 'dbp:studio']",factoid,0.0,0.0,0.0,13,2,5,"[['dbo:assembly'], ['dbp:recorded']]","['dbo:capital', 'dbo:destination', 'dbo:locationCity', 'dbp:headquarters', 'dbp:nationalOrigin']",factoid,"[[7], [6]]"
99,0.5,0.2,0.2857142857142857,13,2,5,Who are the shareholder of the soccer club for whom Steve Holland plays?,"[['dbp:currentclub'], ['dbp:owner']]","['dbo:author', 'dbo:league', 'dbo:owner', 'dbo:team', 'dbp:owner']",factoid,0.5,0.2,0.2857142857142857,13,2,5,"[['dbp:currentclub'], ['dbp:owner']]","['dbo:formerTeam', 'dbo:managerClub', 'dbo:owner', 'dbp:ground', 'dbp:owner']",factoid,"[[12], [51]]"
100,0.0,0.0,0.0,14,2,5,Give me the name of the organization hqed at  Chaeng Watthana Govt Complex?,"[['dbo:headquarter'], ['dbp:agencyName']]","['dbo:almaMater', 'dbo:foundedBy', 'dbo:president', 'dbo:sport', 'dbo:type']",list,0.0,0.0,0.0,14,2,5,"[['dbo:headquarter'], ['dbp:agencyName']]","['dbo:leader', 'dbo:leaderName', 'dbo:location', 'dbp:governingBody', 'dbp:headquarters']",list,"[[73], [4]]"
101,0.5,0.2,0.2857142857142857,15,2,5,What is the religion of the political party which is an international party of Hamas?,"[['dbp:international'], ['dbo:religion']]","['dbo:ideology', 'dbo:party', 'dbo:religion', 'dbp:party', 'dbp:religion']",factoid,0.5,0.2,0.2857142857142857,15,2,5,"[['dbp:international'], ['dbo:religion']]","['dbo:ideology', 'dbo:party', 'dbo:religion', 'dbp:party', 'dbp:religion']",factoid,"[[3], [257]]"
102,0.0,0.0,0.0,13,1,5,Which political party got elected in First Legislative Assembly of Uttar Pradesh ?,[['dbp:children']],"['dbo:affiliation', 'dbo:leaderName', 'dbo:party', 'dbp:leader', 'dbp:party']",factoid,0.0,0.0,0.0,13,1,5,[['dbp:children']],"['dbo:affiliation', 'dbo:leaderName', 'dbo:party', 'dbp:constituency', 'dbp:party']",factoid,[[33]]
103,0.5,0.2,0.2857142857142857,14,2,5,What awards have been given to people schooled in the Everton park state high?,"[['dbp:education'], ['dbp:awards']]","['dbo:award', 'dbo:birthPlace', 'dbo:city', 'dbo:honours', 'dbp:awards']",factoid,0.5,0.2,0.2857142857142857,14,2,5,"[['dbp:education'], ['dbp:awards']]","['dbo:almaMater', 'dbo:award', 'dbo:honours', 'dbp:awards', 'dbp:state']",factoid,"[[21], [50]]"
104,0.5,0.2,0.2857142857142857,19,2,5,How many other wine region are there of the grapes whose one of the wine region is Michigan ?,"[['dbo:wineRegion'], ['dbo:wineRegion']]","['dbo:country', 'dbo:origin', 'dbo:region', 'dbo:wineRegion', 'dbp:region']",count,0.5,0.2,0.2857142857142857,19,2,5,"[['dbo:wineRegion'], ['dbo:wineRegion']]","['dbo:region', 'dbo:species', 'dbo:wineRegion', 'dbp:country', 'dbp:locationCity']",count,"[[12], [12]]"
105,0.5,0.2,0.2857142857142857,18,2,5, Name the city whose province is Metropolitan City of Venice and has leader as Luigi Brugnaro ?,"[['dbo:leaderName'], ['dbp:province']]","['dbo:city', 'dbo:location', 'dbo:province', 'dbp:leaderName', 'dbp:province']",list,0.5,0.2,0.2857142857142857,18,2,5,"[['dbo:leaderName'], ['dbp:province']]","['dbo:capital', 'dbo:leader', 'dbo:leaderName', 'dbo:location', 'dbp:governingBody']",list,"[[25], [5]]"
106,0.5,0.2,0.2857142857142857,11,2,5,Who represent the constituencies of Noe Valley and Duboce Triangle ?,"[['dbp:constituency'], ['dbp:constituency']]","['dbo:country', 'dbo:district', 'dbo:region', 'dbo:tenant', 'dbp:constituency']",factoid,0.5,0.2,0.2857142857142857,11,2,5,"[['dbp:constituency'], ['dbp:constituency']]","['dbo:leaderName', 'dbo:party', 'dbo:residence', 'dbp:constituency', 'dbp:party']",factoid,"[[23], [23]]"
107,0.5,0.2,0.2857142857142857,10,2,5,List the birthplace of the medicians who studied in Harvard.,"[['dbo:institution'], ['dbo:birthPlace']]","['dbo:almaMater', 'dbo:birthPlace', 'dbo:party', 'dbp:birthPlace', 'dbp:education']",list,0.5,0.2,0.2857142857142857,10,2,5,"[['dbo:institution'], ['dbo:birthPlace']]","['dbo:birthPlace', 'dbo:knownFor', 'dbp:birthPlace', 'dbp:knownFor', 'dbp:placeOfBirth']",list,"[[17], [4201]]"
108,0.5,0.2,0.2857142857142857,11,2,5,"What region was Gloria Schaffer born in, which also contains Newington?","[['dbp:birthPlace'], ['dbo:isPartOf']]","['dbo:country', 'dbo:region', 'dbp:birthPlace', 'dbp:placeOfBirth', 'dbp:region']",factoid,0.5,0.2,0.2857142857142857,11,2,5,"[['dbp:birthPlace'], ['dbo:isPartOf']]","['dbo:birthPlace', 'dbo:country', 'dbo:nationality', 'dbp:birthPlace', 'dbp:placeOfBirth']",factoid,"[[1526], [1891]]"
109,0.5,0.2,0.2857142857142857,14,2,5,"What sport amongst the one Lagos Preparatory School practices, did Willian Garne play for?","[['dbo:sport'], ['dbo:occupation']]","['dbo:athletics', 'dbo:knownFor', 'dbo:sport', 'dbp:genre', 'dbp:religiousAffiliation']",factoid,0.5,0.2,0.2857142857142857,14,2,5,"[['dbo:sport'], ['dbo:occupation']]","['dbo:athletics', 'dbo:sport', 'dbp:athletics', 'dbp:discipline', 'dbp:state']",factoid,"[[41], [629]]"
110,0.5,0.2,0.2857142857142857,10,2,5,Where are the movies directed by Faisal Aman Khan recorded?,"[['dbo:director'], ['dbp:recorded']]","['dbo:director', 'dbo:recordedIn', 'dbp:director', 'dbp:starring', 'dbp:writer']",factoid,0.5,0.2,0.2857142857142857,10,2,5,"[['dbo:director'], ['dbp:recorded']]","['dbo:cinematography', 'dbo:director', 'dbo:starring', 'dbp:director', 'dbp:starring']",factoid,"[[607], [6]]"
111,0.5,0.2,0.2857142857142857,13,2,5,Which is the common prospect team of Mikhail Pashnin and Robin kovacs ?,"[['dbp:prospectTeam'], ['dbo:prospectTeam']]","['dbo:notableWork', 'dbp:draftTeam', 'dbp:fields', 'dbp:playedFor', 'dbp:prospectTeam']",factoid,0.5,0.2,0.2857142857142857,13,2,5,"[['dbp:prospectTeam'], ['dbo:prospectTeam']]","['dbo:debutTeam', 'dbo:team', 'dbp:debutteam', 'dbp:draftTeam', 'dbp:prospectTeam']",factoid,"[[8], [2]]"
112,0.5,0.2,0.2857142857142857,13,2,5,What is the city nearest to the islands in the Northwestern Hawaiian Islands?,"[['dbp:archipelago'], ['dbp:nearestCity']]","['dbo:city', 'dbo:isPartOf', 'dbo:location', 'dbo:nearestCity', 'dbp:nearestCity']",factoid,0.5,0.2,0.2857142857142857,13,2,5,"[['dbp:archipelago'], ['dbp:nearestCity']]","['dbo:largestCity', 'dbo:location', 'dbo:nearestCity', 'dbp:archipelago', 'dbp:cities']",factoid,"[[9], [9]]"
113,0.5,0.2,0.2857142857142857,9,2,5,Who acted in the work written by Colin Brake?,"[['dbp:writer'], ['dbp:starring']]","['dbo:author', 'dbo:starring', 'dbo:writer', 'dbp:author', 'dbp:writer']",factoid,0.5,0.2,0.2857142857142857,9,2,5,"[['dbp:writer'], ['dbp:starring']]","['dbo:author', 'dbo:notableWork', 'dbo:writer', 'dbp:author', 'dbp:writer']",factoid,"[[61], [31]]"
114,0.0,0.0,0.0,6,1,5,what types of play is geist,[['dbp:modes']],"['dbo:genre', 'dbo:instrument', 'dbo:position', 'dbo:programmeFormat', 'dbo:type']",factoid,0.0,0.0,0.0,6,1,5,[['dbp:modes']],"['dbo:artist', 'dbo:genre', 'dbo:programmeFormat', 'dbo:type', 'dbp:genre']",factoid,[[265]]
115,0.5,0.2,0.2857142857142857,8,2,5,Name some sports played in institutions of Maharashtra?,"[['dbp:state'], ['dbo:sport']]","['dbo:city', 'dbo:sport', 'dbo:state', 'dbp:athletics', 'dbp:province']",list,0.5,0.2,0.2857142857142857,8,2,5,"[['dbp:state'], ['dbo:sport']]","['dbo:affiliation', 'dbo:athletics', 'dbo:location', 'dbo:sport', 'dbp:athletics']",list,"[[21], [41]]"
116,0.0,0.0,0.0,10,1,5,Which universities are also known as the Tulane Green wave?,[['dbp:nickname']],"['dbo:genre', 'dbo:isPartOf', 'dbo:knownFor', 'dbo:state', 'dbp:knownFor']",factoid,0.0,0.0,0.0,10,1,5,[['dbp:nickname']],"['dbo:athletics', 'dbo:campus', 'dbo:sport', 'dbo:university', 'dbp:athletics']",factoid,[[19]]
117,0.5,0.2,0.2857142857142857,8,2,5,What are some movies written by British writers?,"[['dbo:writer'], ['dbo:nationality']]","['dbo:writer', 'dbp:author', 'dbp:language', 'dbp:screenplay', 'dbp:writer']",factoid,0.5,0.2,0.2857142857142857,8,2,5,"[['dbo:writer'], ['dbo:nationality']]","['dbo:author', 'dbo:occupation', 'dbo:writer', 'dbp:lyrics', 'dbp:writer']",factoid,"[[1148], [266]]"
118,0.0,0.0,0.0,11,2,5,What is the common genere of Abhijit Kunte and Kasparov ?,"[['dbp:knownFor'], ['dbo:genre']]","['dbo:artist', 'dbo:parent', 'dbo:region', 'dbp:ethnicity', 'dbp:license']",factoid,0.0,0.0,0.0,11,2,5,"[['dbp:knownFor'], ['dbo:genre']]","['dbo:species', 'dbp:artist', 'dbp:genre', 'dbp:meaning', 'dbp:relatives']",factoid,"[[20], [5588]]"
119,0.5,0.2,0.2857142857142857,10,2,5,In which state can I find Burr Truss styled bridges?,"[['dbp:style'], ['dbo:state']]","['dbo:locatedInArea', 'dbo:state', 'dbo:writer', 'dbp:designer', 'dbp:state']",factoid,0.0,0.0,0.0,10,2,5,"[['dbp:style'], ['dbo:state']]","['dbo:architect', 'dbo:crosses', 'dbo:locatedInArea', 'dbp:crosses', 'dbp:designer']",factoid,"[[4], [875]]"
120,0.0,0.0,0.0,5,1,5,When was the Titanic completed?,[['dbo:completionDate']],"['dbo:country', 'dbo:locatedInArea', 'dbo:type', 'dbo:writer', 'dbp:modes']",factoid,0.0,0.0,0.0,5,1,5,[['dbo:completionDate']],"['dbo:border', 'dbo:builder', 'dbo:part', 'dbp:cities', 'dbp:location']",factoid,[[1]]
121,0.0,0.0,0.0,7,1,5,Which U.S. state has the abbreviation MN?,[['dbp:postalabbreviation']],"['dbo:genre', 'dbo:hometown', 'dbo:programmeFormat', 'dbo:publisher', 'dbo:recordLabel']",factoid,0.0,0.0,0.0,7,1,5,[['dbp:postalabbreviation']],"['dbo:city', 'dbo:isPartOf', 'dbo:state', 'dbo:successor', 'dbp:nickname']",factoid,[[1]]
122,0.5,0.2,0.2857142857142857,10,2,5,Which writer is famous for works written by Neil Gaiman?,"[['dbp:writers'], ['dbo:notableWork']]","['dbo:author', 'dbo:notableWork', 'dbp:author', 'dbp:notableworks', 'dbp:writer']",factoid,0.5,0.2,0.2857142857142857,10,2,5,"[['dbp:writers'], ['dbo:notableWork']]","['dbo:author', 'dbo:knownFor', 'dbo:notableWork', 'dbp:author', 'dbp:notableworks']",factoid,"[[10], [92]]"
123,0.5,0.2,0.2857142857142857,13,2,5,"Through which important cities the does the river originating from the Duwamish, flow?","[['dbo:source'], ['dbo:city']]","['dbo:city', 'dbo:sourceMountain', 'dbp:cities', 'dbp:city', 'dbp:keyPeople']",factoid,0.5,0.2,0.2857142857142857,13,2,5,"[['dbo:source'], ['dbo:city']]","['dbo:mouthMountain', 'dbo:riverMouth', 'dbo:source', 'dbo:sourcePlace', 'dbp:mouthLocation']",factoid,"[[13], [1218]]"
124,0.5,0.2,0.2857142857142857,17,2,5,Count the number of fileds of the scientist whose one of the interest is Chinese poetry ?,"[['dbp:fields'], ['dbp:fields']]","['dbo:country', 'dbo:field', 'dbp:fields', 'dbp:mainInterests', 'dbp:religion']",count,0.5,0.2,0.2857142857142857,17,2,5,"[['dbp:fields'], ['dbp:fields']]","['dbo:knownFor', 'dbo:nonFictionSubject', 'dbp:fields', 'dbp:mainInterests', 'dbp:subject']",count,"[[20], [20]]"
125,0.5,0.2,0.2857142857142857,19,2,5,How many honorary title are there of the scientists who has  Australian of the Year award  ?,"[['dbo:award'], ['dbo:award']]","['dbo:award', 'dbo:country', 'dbo:restingPlace', 'dbp:awards', 'dbp:prizes']",count,0.5,0.2,0.2857142857142857,19,2,5,"[['dbo:award'], ['dbo:award']]","['dbo:almaMater', 'dbo:award', 'dbp:awards', 'dbp:prizes', 'dbp:restingplace']",count,"[[67], [67]]"
126,0.5,0.2,0.2857142857142857,18,2,5,Tell me the name of the Prime Time Entertainment Network's TV show whose Artist is Christopher Franke ?,"[['dbo:network'], ['dbp:artist']]","['dbo:starring', 'dbp:artist', 'dbp:company', 'dbp:creator', 'dbp:network']",list,0.5,0.2,0.2857142857142857,18,2,5,"[['dbo:network'], ['dbp:artist']]","['dbp:artist', 'dbp:creator', 'dbp:judges', 'dbp:themeMusicComposer', 'dbp:voices']",list,"[[23], [38]]"
127,0.5,0.2,0.2857142857142857,10,2,5,What country had the title of 2001 Speedway Ekstraliga ?,"[['dbp:title'], ['dbo:country']]","['dbo:award', 'dbo:country', 'dbo:genre', 'dbo:nationality', 'dbp:locationCountry']",factoid,0.5,0.2,0.2857142857142857,10,2,5,"[['dbp:title'], ['dbo:country']]","['dbo:country', 'dbo:league', 'dbo:nationality', 'dbp:country', 'dbp:nationalteam']",factoid,"[[16], [2554]]"
128,0.0,0.0,0.0,12,1,5,How many gold medals did Michael Phelps win at the 2008 Olympics?,[['dbo:goldMedalist']],"['dbo:birthPlace', 'dbo:bronzeMedalist', 'dbo:religion', 'dbo:silverMedalist', 'dbp:race']",count,0.0,0.0,0.0,12,1,5,[['dbo:goldMedalist']],"['dbo:award', 'dbo:birthPlace', 'dbo:honours', 'dbp:awards', 'dbp:birthPlace']",count,[[1]]
129,0.5,0.2,0.2857142857142857,19,2,5,What is the city  of the 2015 MLS All-Star Game and birthplace of the The Okee Dokee Brothers,"[['dbp:city'], ['dbo:birthPlace']]","['dbo:birthPlace', 'dbo:city', 'dbp:birthPlace', 'dbp:birthplace', 'dbp:placeOfBirth']",factoid,0.5,0.2,0.2857142857142857,19,2,5,"[['dbp:city'], ['dbo:birthPlace']]","['dbo:birthPlace', 'dbo:hometown', 'dbp:birthPlace', 'dbp:birthplace', 'dbp:placeOfBirth']",factoid,"[[28], [4201]]"
130,0.0,0.0,0.0,8,1,5,Did Alexander Magleby study at the Dartmouth College?,[['dbo:university']],"['dbo:almaMater', 'dbo:campus', 'dbo:college', 'dbo:institution', 'dbp:almaMater']",boolean,0.0,0.0,0.0,8,1,5,[['dbo:university']],"['dbo:almaMater', 'dbo:college', 'dbo:education', 'dbo:institution', 'dbp:almaMater']",boolean,[[10]]
131,0.5,0.2,0.2857142857142857,8,2,5,Food in which countries has shallot in it?,"[['dbo:ingredient'], ['dbo:country']]","['dbo:country', 'dbo:isPartOf', 'dbo:region', 'dbo:state', 'dbp:country']",list,0.5,0.2,0.2857142857142857,8,2,5,"[['dbo:ingredient'], ['dbo:country']]","['dbo:country', 'dbo:location', 'dbo:region', 'dbp:country', 'dbp:locationCountry']",list,"[[21], [2554]]"
132,0.5,0.2,0.2857142857142857,20,2,5,Which home stadium of 2011-12 FC Spartak Moscow season is also the location of birth of the Svetlana Gounkina ?,"[['dbo:homeStadium'], ['dbo:birthPlace']]","['dbo:birthPlace', 'dbo:locationCity', 'dbp:homeStadium', 'dbp:placeOfBirth', 'dbp:stadium']",factoid,0.5,0.2,0.2857142857142857,20,2,5,"[['dbo:homeStadium'], ['dbo:birthPlace']]","['dbo:birthPlace', 'dbo:ground', 'dbo:locationCity', 'dbp:birthPlace', 'dbp:placeOfBirth']",factoid,"[[11], [4201]]"
133,0.5,0.2,0.2857142857142857,9,2,5,What are some devices whose manufacturers are in taiwan?,"[['dbo:manufacturer'], ['dbp:locationCountry']]","['dbo:location', 'dbo:manufacturer', 'dbo:product', 'dbp:birthPlace', 'dbp:locationCity']",factoid,0.5,0.2,0.2857142857142857,9,2,5,"[['dbo:manufacturer'], ['dbp:locationCountry']]","['dbo:launchSite', 'dbo:manufacturer', 'dbo:product', 'dbp:products', 'dbp:services']",factoid,"[[58], [14]]"
134,0.5,0.2,0.2857142857142857,12,2,5,Name the common managing club of the Ivan Toplak and Bret Simon?,"[['dbo:managerClub'], ['dbo:managerClub']]","['dbo:governingBody', 'dbo:manager', 'dbo:managerClub', 'dbp:club', 'dbp:managerclubs']",list,0.5,0.2,0.2857142857142857,12,2,5,"[['dbo:managerClub'], ['dbo:managerClub']]","['dbo:managerClub', 'dbp:ground', 'dbp:managerclubs', 'dbp:owner', 'dbp:youthclubs']",list,"[[12], [12]]"
135,0.5,0.2,0.2857142857142857,21,2,5,Count the total number of launch site of the rockets which have been launched form Cape Canaveral Air Force Station ?,"[['dbo:launchSite'], ['dbo:launchSite']]","['dbo:ground', 'dbo:launchSite', 'dbo:manufacturer', 'dbp:deathPlace', 'dbp:type']",count,0.5,0.2,0.2857142857142857,21,2,5,"[['dbo:launchSite'], ['dbo:launchSite']]","['dbo:launchSite', 'dbo:manufacturer', 'dbo:operator', 'dbp:designer', 'dbp:mission']",count,"[[12], [12]]"
136,0.5,0.2,0.2857142857142857,9,2,5,Which university's graduates have worked in the Quartermaster corps?,"[['dbo:militaryUnit'], ['dbo:almaMater']]","['dbo:almaMater', 'dbo:employer', 'dbo:occupation', 'dbp:branch', 'dbp:employer']",factoid,0.5,0.2,0.2857142857142857,9,2,5,"[['dbo:militaryUnit'], ['dbo:almaMater']]","['dbo:almaMater', 'dbo:college', 'dbo:education', 'dbo:president', 'dbp:almaMater']",factoid,"[[16], [45]]"
137,0.0,0.0,0.0,6,1,5,which film did siddiq barmak direct,[['dbo:editing']],"['dbo:country', 'dbo:deathPlace', 'dbo:director', 'dbo:isPartOf', 'dbo:position']",factoid,0.0,0.0,0.0,6,1,5,[['dbo:editing']],"['dbo:cinematography', 'dbo:country', 'dbo:director', 'dbo:musicComposer', 'dbo:producer']",factoid,[[90]]
138,0.5,0.2,0.2857142857142857,11,2,5,Where is the head quarters of the owner of Hamline Avenue?,"[['dbo:owner'], ['dbp:headquarters']]","['dbo:author', 'dbo:deathPlace', 'dbo:restingPlace', 'dbp:headquarters', 'dbp:owner']",factoid,0.5,0.2,0.2857142857142857,11,2,5,"[['dbo:owner'], ['dbp:headquarters']]","['dbo:board', 'dbo:location', 'dbo:owner', 'dbo:owningCompany', 'dbp:owner']",factoid,"[[83], [32]]"
139,0.5,0.2,0.2857142857142857,10,2,5,Who are some cofounders of record labels with Frank Rogers?,"[['dbo:foundedBy'], ['dbp:founder']]","['dbo:genre', 'dbo:recordLabel', 'dbp:founder', 'dbp:label', 'dbp:owner']",factoid,0.5,0.2,0.2857142857142857,10,2,5,"[['dbo:foundedBy'], ['dbp:founder']]","['dbo:recordLabel', 'dbp:founder', 'dbp:label', 'dbp:owner', 'dbp:parent']",factoid,"[[73], [25]]"
140,0.5,0.2,0.2857142857142857,21,2,5,Where did the ultimate fighter: a champion will be crowned tonight and ultimate fighter: team rousey vs team tate take place?,"[['dbp:city'], ['dbp:city']]","['dbo:country', 'dbo:deathPlace', 'dbp:city', 'dbp:deathPlace', 'dbp:debutteam']",factoid,0.0,0.0,0.0,21,2,5,"[['dbp:city'], ['dbp:city']]","['dbo:ground', 'dbo:location', 'dbo:locationCity', 'dbo:publisher', 'dbp:country']",factoid,"[[28], [28]]"
141,0.5,0.2,0.2857142857142857,14,2,5,Which team has had both Martin prochzka and garry unger as its players ?,"[['dbo:formerTeam'], ['dbo:formerTeam']]","['dbo:author', 'dbo:formerTeam', 'dbo:team', 'dbp:playedFor', 'dbp:team']",factoid,0.5,0.2,0.2857142857142857,14,2,5,"[['dbo:formerTeam'], ['dbo:formerTeam']]","['dbo:formerTeam', 'dbo:team', 'dbp:nationalteam', 'dbp:playedFor', 'dbp:team']",factoid,"[[36], [36]]"
142,0.5,0.2,0.2857142857142857,13,2,5,What is the war in which both K Fordice and P Fitzwallace fight?,"[['dbp:battles'], ['dbp:battles']]","['dbo:battle', 'dbo:territory', 'dbp:battles', 'dbp:combatant', 'dbp:office']",factoid,0.5,0.2,0.2857142857142857,13,2,5,"[['dbp:battles'], ['dbp:battles']]","['dbo:battle', 'dbo:commander', 'dbo:territory', 'dbp:battles', 'dbp:combatant']",factoid,"[[35], [35]]"
143,0.0,0.0,0.0,7,1,5,Was Queen Latifah in the U.N.I.T.Y. group?,[['dbo:musicalArtist']],"['dbo:associatedBand', 'dbo:bandMember', 'dbo:genre', 'dbo:hometown', 'dbp:currentMembers']",boolean,0.0,0.0,0.0,7,1,5,[['dbo:musicalArtist']],"['dbo:associatedBand', 'dbo:associatedMusicalArtist', 'dbo:bandMember', 'dbp:artist', 'dbp:pastMembers']",boolean,[[23]]
144,0.0,0.0,0.0,7,1,5,Does the platte river originate in Colorado?,[['dbo:sourceRegion']],"['dbo:mouthMountain', 'dbo:riverMouth', 'dbo:source', 'dbo:sourceMountain', 'dbp:mouthLocation']",boolean,0.0,0.0,0.0,7,1,5,[['dbo:sourceRegion']],"['dbo:city', 'dbo:hometown', 'dbo:mouthMountain', 'dbo:riverMouth', 'dbp:mouthLocation']",boolean,[[7]]
145,0.5,0.2,0.2857142857142857,10,2,5,What sports are played in schools in the capital region?,"[['dbp:region'], ['dbo:sport']]","['dbo:capital', 'dbo:isPartOf', 'dbo:location', 'dbo:region', 'dbo:sport']",factoid,0.5,0.2,0.2857142857142857,10,2,5,"[['dbp:region'], ['dbo:sport']]","['dbo:athletics', 'dbo:city', 'dbo:location', 'dbo:sport', 'dbp:athletics']",factoid,"[[13], [41]]"
146,0.5,0.2,0.2857142857142857,9,2,5,Which team did Michael and Ryan Powell play for?,"[['dbo:team'], ['dbo:team']]","['dbo:formerTeam', 'dbo:position', 'dbo:team', 'dbp:playedFor', 'dbp:team']",factoid,0.5,0.2,0.2857142857142857,9,2,5,"[['dbo:team'], ['dbo:team']]","['dbo:formerTeam', 'dbo:position', 'dbo:team', 'dbp:nationalteam', 'dbp:playedFor']",factoid,"[[46], [46]]"
147,0.0,0.0,0.0,9,1,5,Humes High School is alma mater to which person?,[['dbp:education']],"['dbo:almaMater', 'dbo:college', 'dbo:institution', 'dbp:almaMater', 'dbp:employer']",list,0.0,0.0,0.0,9,1,5,[['dbp:education']],"['dbo:almaMater', 'dbo:college', 'dbo:education', 'dbo:institution', 'dbp:almaMater']",list,[[21]]
148,0.5,0.2,0.2857142857142857,9,2,5,What is the mascot of military in Quezon city?,"[['dbp:garrison'], ['dbp:mascot']]","['dbo:city', 'dbo:isPartOf', 'dbo:militaryBranch', 'dbo:religion', 'dbp:mascot']",factoid,0.5,0.2,0.2857142857142857,9,2,5,"[['dbp:garrison'], ['dbp:mascot']]","['dbo:city', 'dbo:militaryBranch', 'dbp:branch', 'dbp:mascot', 'dbp:nickname']",factoid,"[[8], [25]]"
149,0.0,0.0,0.0,10,1,5,Was andy worhol the director of the san diego surf?,[['dbo:cinematography']],"['dbo:birthPlace', 'dbo:deathPlace', 'dbo:director', 'dbo:editing', 'dbp:deathPlace']",boolean,0.0,0.0,0.0,10,1,5,[['dbo:cinematography']],"['dbo:director', 'dbo:starring', 'dbp:director', 'dbp:screenplay', 'dbp:starring']",boolean,[[124]]
150,0.5,0.2,0.2857142857142857,14,2,5,"Where is the fictional character from, whose last appearance was in the Avengers, 1998?","[['dbp:last'], ['dbp:nationality']]","['dbo:portrayer', 'dbo:previousWork', 'dbo:series', 'dbp:characters', 'dbp:last']",factoid,0.0,0.0,0.0,14,2,5,"[['dbp:last'], ['dbp:nationality']]","['dbo:creator', 'dbo:series', 'dbp:characters', 'dbp:creator', 'dbp:genre']",factoid,"[[2], [17]]"
151,0.0,0.0,0.0,18,2,5,What is the debut team of the american football player who studied in North Fort Myers High School?,"[['dbo:highschool'], ['dbp:debutteam']]","['dbo:almaMater', 'dbo:college', 'dbo:debutTeam', 'dbo:type', 'dbp:almaMater']",factoid,0.5,0.2,0.2857142857142857,18,2,5,"[['dbo:highschool'], ['dbp:debutteam']]","['dbo:coach', 'dbo:college', 'dbo:debutTeam', 'dbp:debutteam', 'dbp:draftTeam']",factoid,"[[5], [21]]"
152,0.0,0.0,0.0,9,1,5,What people are known to work for Johnny Cash?,[['dbp:associatedActs']],"['dbo:knownFor', 'dbo:notableWork', 'dbo:occupation', 'dbp:knownFor', 'dbp:office']",factoid,0.0,0.0,0.0,9,1,5,[['dbp:associatedActs']],"['dbo:doctoralAdvisor', 'dbo:field', 'dbo:knownFor', 'dbo:occupation', 'dbp:knownFor']",factoid,[[19]]
153,0.5,0.2,0.2857142857142857,7,2,5,Mota Engil built bridges over which rivers?,"[['dbp:builder'], ['dbo:crosses']]","['dbo:crosses', 'dbo:locatedInArea', 'dbo:riverMouth', 'dbp:crosses', 'dbp:designer']",list,0.5,0.2,0.2857142857142857,7,2,5,"[['dbp:builder'], ['dbo:crosses']]","['dbo:crosses', 'dbo:locatedInArea', 'dbo:maintainedBy', 'dbp:crosses', 'dbp:designer']",list,"[[2], [31]]"
154,0.0,0.0,0.0,14,1,5,What is the name of the crater on the moon named for georg ohm?,[['dbp:namedafter']],"['dbo:locatedInArea', 'dbo:location', 'dbo:restingPlace', 'dbp:birthPlace', 'dbp:namedFor']",factoid,0.0,0.0,0.0,14,1,5,[['dbp:namedafter']],"['dbo:discoverer', 'dbo:firstAscentPerson', 'dbo:locatedInArea', 'dbp:discoverer', 'dbp:namedFor']",factoid,[[3]]
155,0.5,0.2,0.2857142857142857,18,2,5,List the driver of SA MArino Grand Prix is also the Pole driver of Canadian Grand Proix ?,"[['dbp:poleDriver'], ['dbp:firstDriver']]","['dbo:class', 'dbo:country', 'dbo:firstDriver', 'dbo:poleDriver', 'dbp:firstDriver']",list,0.0,0.0,0.0,18,2,5,"[['dbp:poleDriver'], ['dbp:firstDriver']]","['dbo:firstDriver', 'dbo:poleDriver', 'dbp:firstTeam', 'dbp:nationalteam', 'dbp:race']",list,"[[4], [5]]"
156,0.0,0.0,0.0,9,1,5,name the races where bobby beasley took part ?,[['dbo:race']],"['dbo:almaMater', 'dbo:battle', 'dbo:birthPlace', 'dbo:notableWork', 'dbp:race']",list,0.0,0.0,0.0,9,1,5,[['dbo:race']],"['dbo:breeder', 'dbo:grandsire', 'dbo:honours', 'dbo:trainer', 'dbp:race']",list,[[6]]
157,0.0,0.0,0.0,13,2,5,From which genres of music did those genres emerge where drums are important?,"[['dbp:instruments'], ['dbo:stylisticOrigin']]","['dbo:genre', 'dbo:hometown', 'dbp:deathPlace', 'dbp:founder', 'dbp:genre']",factoid,0.5,0.2,0.2857142857142857,13,2,5,"[['dbp:instruments'], ['dbo:stylisticOrigin']]","['dbo:genre', 'dbo:hometown', 'dbo:stylisticOrigin', 'dbp:artist', 'dbp:genre']",factoid,"[[2], [7]]"
158,0.5,0.2,0.2857142857142857,13,2,5,List the destinations of the airlines which also serves Mediterranean  Sea ?,"[['dbp:destinations'], ['dbp:destinations']]","['dbo:destination', 'dbo:nationality', 'dbo:targetAirport', 'dbp:cityServed', 'dbp:destinations']",list,0.5,0.2,0.2857142857142857,13,2,5,"[['dbp:destinations'], ['dbp:destinations']]","['dbo:destination', 'dbo:hubAirport', 'dbo:targetAirport', 'dbp:destinations', 'dbp:headquarters']",list,"[[18], [18]]"
159,0.0,0.0,0.0,7,1,5,What is an example of american craftsman?,[['dbo:architecturalStyle']],"['dbo:creator', 'dbo:field', 'dbo:instrument', 'dbo:occupation', 'dbo:position']",factoid,0.0,0.0,0.0,7,1,5,[['dbo:architecturalStyle']],"['dbo:field', 'dbo:genre', 'dbo:industry', 'dbo:occupation', 'dbo:producer']",factoid,[[145]]
160,0.5,0.2,0.2857142857142857,11,2,5,Who served a vice president buried in United First Parish Church?,"[['dbp:restingplace'], ['dbo:vicePresident']]","['dbo:almaMater', 'dbo:birthPlace', 'dbo:president', 'dbo:restingPlace', 'dbo:vicePresident']",factoid,0.5,0.2,0.2857142857142857,11,2,5,"[['dbp:restingplace'], ['dbo:vicePresident']]","['dbo:restingPlace', 'dbp:placeOfBurial', 'dbp:placeofburial', 'dbp:restingPlace', 'dbp:restingplace']",factoid,"[[25], [13]]"
161,0.0,0.0,0.0,10,2,5,Who founded the league which was won by Joe McKeehen?,"[['dbp:champion'], ['dbp:founded']]","['dbo:award', 'dbo:foundedBy', 'dbo:founder', 'dbp:country', 'dbp:founder']",factoid,0.0,0.0,0.0,10,2,5,"[['dbp:champion'], ['dbp:founded']]","['dbo:board', 'dbo:foundedBy', 'dbo:founder', 'dbp:foundation', 'dbp:founder']",factoid,"[[6], [6]]"
162,0.0,0.0,0.0,13,1,5,What is the political party to which Purnima Banerjee is a member of?,[['dbo:knownFor']],"['dbo:leaderName', 'dbo:occupation', 'dbo:party', 'dbo:type', 'dbp:party']",factoid,0.0,0.0,0.0,13,1,5,[['dbo:knownFor']],"['dbo:affiliation', 'dbo:leaderName', 'dbo:otherParty', 'dbo:party', 'dbp:party']",factoid,[[40]]
