,recall_left,precision_left,f1_left,word_count_left,rel_count_left,sys_relations_left,question,gold_relations_left,system_relations_left,question_type_left,recall_right,precision_right,f1_right,word_count_right,rel_count_right,sys_relations_right,gold_relations_right,system_relations_right,question_type_right
3,1.0,1.0,1.0,10,1,1,how can fabric 12: the amalgamation of soundz be characterized,[['dbo:type']],['dbo:type'],factoid,0.0,0.0,0.0,10,1,1,[['dbo:type']],['dbo:genre'],factoid
24,0.5,0.5,0.5,17,2,2,Name the office holder with predecessor as Samuel W. McCall and office in Massachusetts House of Representatives?,"[['dbp:office'], ['dbp:predecessor']]","['dbo:predecessor', 'dbp:predecessor']",list,0.0,0.0,0.0,17,2,1,"[['dbp:office'], ['dbp:predecessor']]",['dbp:successor'],list
32,1.0,1.0,1.0,8,1,1,Do the west coast airlines fly to seattle?,[['dbo:targetAirport']],['dbo:targetAirport'],boolean,0.0,0.0,0.0,8,1,1,[['dbo:targetAirport']],['dbo:hubAirport'],boolean
70,1.0,1.0,1.0,7,1,1,What album was produced by big business,[['dbo:artist']],['dbo:artist'],factoid,0.0,0.0,0.0,7,1,1,[['dbo:artist']],['dbo:type'],factoid
77,1.0,1.0,1.0,7,1,1,Does the river shannon originate from Dowra?,[['dbo:sourceMountain']],['dbo:sourceMountain'],boolean,0.0,0.0,0.0,7,1,1,[['dbo:sourceMountain']],['dbo:riverMouth'],boolean
99,0.5,1.0,0.6666666666666666,10,2,1,Who all have appointed governess born in Magnolia Plantation gardens?,"[['dbo:birthPlace'], ['dbp:appointer']]",['dbo:birthPlace'],factoid,0.0,0.0,0.0,10,2,1,"[['dbo:birthPlace'], ['dbp:appointer']]",['dbo:location'],factoid
118,1.0,0.5,0.6666666666666666,8,1,2,who is the mother of margaret woodrow wilson,[['dbo:child']],"['dbo:child', 'dbo:parent']",factoid,0.0,0.0,0.0,8,1,1,[['dbo:child']],['dbo:parent'],factoid
124,0.5,1.0,0.6666666666666666,14,2,1,What is the county seat of the county which has an Evergreen High School?,"[['dbo:county'], ['dbo:countySeat']]",['dbo:countySeat'],factoid,0.0,0.0,0.0,14,2,1,"[['dbo:county'], ['dbo:countySeat']]",['dbo:location'],factoid
133,0.5,0.5,0.5,21,2,2,What is the total number of other restingplace of the politicians whose one of the restingplace is East Norwalk Historical Cemetery?,"[['dbp:restingplace'], ['dbp:restingplace']]","['dbo:restingPlace', 'dbp:restingplace']",factoid,0.0,0.0,0.0,21,2,1,"[['dbp:restingplace'], ['dbp:restingplace']]",['dbo:restingPlace'],factoid
162,1.0,1.0,1.0,9,1,1,Is Rajya Sabha a house of parliament in India?,[['dbp:houses']],['dbp:houses'],boolean,0.0,0.0,0.0,9,1,3,[['dbp:houses']],"['dbo:city', 'dbo:location', 'dbo:region']",boolean
175,0.5,1.0,0.6666666666666666,14,2,1,What is the largest city in the country where the San Marcos River originates?,"[['dbo:sourceMountain'], ['dbo:largestCity']]",['dbo:largestCity'],factoid,0.0,0.0,0.0,14,2,1,"[['dbo:sourceMountain'], ['dbo:largestCity']]",['dbo:sourceCountry'],factoid
199,0.5,1.0,0.6666666666666666,6,2,1,What do typically NGOs work for?,"[['dbp:type'], ['dbp:purpose']]",['dbp:purpose'],factoid,0.0,0.0,0.0,6,2,1,"[['dbp:type'], ['dbp:purpose']]",['dbo:industry'],factoid
216,1.0,1.0,1.0,12,1,1,What is the television show whose opening theme is Te Deum (Charpentier)?,[['dbo:openingTheme']],['dbo:openingTheme'],factoid,0.0,0.0,0.0,12,1,1,[['dbo:openingTheme']],['dbp:themeMusicComposer'],factoid
221,1.0,1.0,1.0,7,1,1,What is an album by george winston?,[['dbo:artist']],['dbo:artist'],factoid,0.0,0.0,0.0,7,1,1,[['dbo:artist']],['dbo:type'],factoid
250,1.0,0.6666666666666666,0.8,10,1,3,what American rock and pop singer was born in chicago,"[['dbp:birthPlace', 'dbo:birthPlace']]","['dbo:birthPlace', 'dbo:genre', 'dbp:birthPlace']",factoid,0.0,0.0,0.0,10,1,1,"[['dbp:birthPlace', 'dbo:birthPlace']]",['dbo:genre'],factoid
255,1.0,1.0,1.0,8,1,1,what kind of album is payment of existence,[['dbo:genre']],['dbo:genre'],factoid,0.0,0.0,0.0,8,1,1,[['dbo:genre']],['dbo:type'],factoid
260,1.0,1.0,1.0,7,1,1,Does Fa'a' International Airport serve tahiti too?,[['dbp:cityServed']],['dbp:cityServed'],boolean,0.0,0.0,0.0,7,1,1,[['dbp:cityServed']],['dbo:city'],boolean
263,0.5,1.0,0.6666666666666666,11,2,1,List the television shows whose network's executive officer is Steve Burke.,"[['dbo:network'], ['dbo:keyPerson']]",['dbo:network'],list,0.0,0.0,0.0,11,2,1,"[['dbo:network'], ['dbo:keyPerson']]",['dbp:voices'],list
264,0.5,1.0,0.6666666666666666,19,2,1,What is the home town of the Band which is the previous work of Sammy Hagar & Friends ?,"[['dbo:previousWork'], ['dbo:hometown']]",['dbo:hometown'],factoid,0.0,0.0,0.0,19,2,1,"[['dbo:previousWork'], ['dbo:hometown']]",['dbo:subsequentWork'],factoid
286,1.0,1.0,1.0,7,1,1,what is the nationality of thabo nthethe,[['dbo:birthPlace']],['dbo:birthPlace'],factoid,0.0,0.0,0.0,7,1,1,[['dbo:birthPlace']],['dbo:nationality'],factoid
287,1.0,1.0,1.0,6,1,1,What country is harry winston from,[['dbo:birthPlace']],['dbo:birthPlace'],factoid,0.0,0.0,0.0,6,1,1,[['dbo:birthPlace']],['dbo:nationality'],factoid
294,1.0,1.0,1.0,10,1,1,what is the show a step into the past about,[['dbo:genre']],['dbo:genre'],factoid,0.0,0.0,0.0,10,1,1,[['dbo:genre']],['dbo:country'],factoid
302,1.0,0.5,0.6666666666666666,10,1,2,Which film was beverley cross credited as a contributor for?,[['dbo:writer']],"['dbo:musicComposer', 'dbo:writer']",factoid,0.0,0.0,0.0,10,1,1,[['dbo:writer']],['dbo:musicComposer'],factoid
327,0.5,1.0,0.6666666666666666,9,2,1,Which city's neighboring municipalities are Lancy and  Pregny-Chambsy?,"[['dbo:neighboringMunicipality'], ['dbp:neighboringMunicipalities']]",['dbp:neighboringMunicipalities'],factoid,0.0,0.0,0.0,9,2,1,"[['dbo:neighboringMunicipality'], ['dbp:neighboringMunicipalities']]",['dbo:nearestCity'],factoid
340,1.0,1.0,1.0,10,1,1,is world gone crazy a soundtrack or a studio album,[['dbo:type']],['dbo:type'],boolean,0.0,0.0,0.0,10,1,1,[['dbo:type']],['dbo:genre'],boolean
342,0.5,0.5,0.5,16,2,2,Who is the writer of the Cavalcade of America and The United States Steel Hour ?,"[['dbo:writer'], ['dbo:writer']]","['dbo:writer', 'dbp:writer']",factoid,0.5,0.5,0.5,16,2,2,"[['dbo:writer'], ['dbo:writer']]","['dbo:writer', 'dbp:writer']",factoid
344,1.0,1.0,1.0,8,1,1,mickey ferriols is a citizen of what nation?,[['dbo:birthPlace']],['dbo:birthPlace'],factoid,0.0,0.0,0.0,8,1,1,[['dbo:birthPlace']],['dbo:nationality'],factoid
368,0.5,1.0,0.6666666666666666,7,2,1,Titus software publishes which genre of games?,"[['dbp:publisher'], ['dbo:genre']]",['dbo:genre'],list,0.0,0.0,0.0,7,2,1,"[['dbp:publisher'], ['dbo:genre']]",['dbo:publisher'],list
378,0.5,0.5,0.5,12,2,2,What is the television show whose channel's parent organisation is Fox Sports?,"[['dbo:channel'], ['dbo:parentOrganisation']]","['dbo:network', 'dbo:parentOrganisation']",factoid,0.0,0.0,0.0,12,2,1,"[['dbo:channel'], ['dbo:parentOrganisation']]",['dbo:network'],factoid
401,1.0,1.0,1.0,7,1,1,Is Amharic the official language of Ethiopia?,[['dbo:officialLanguage']],['dbo:officialLanguage'],boolean,0.0,0.0,0.0,7,1,1,[['dbo:officialLanguage']],['dbo:languageFamily'],boolean
413,1.0,0.5,0.6666666666666666,7,1,2,Which music label is soulhead apart of?,[['dbo:recordLabel']],"['dbo:genre', 'dbo:recordLabel']",factoid,0.0,0.0,0.0,7,1,1,[['dbo:recordLabel']],['dbo:genre'],factoid
438,1.0,1.0,1.0,6,1,1,what game is about professional wrestling?,[['dbo:genre']],['dbo:genre'],factoid,0.0,0.0,0.0,6,1,1,[['dbo:genre']],['dbo:occupation'],factoid
463,1.0,1.0,1.0,7,1,1,What film has molly nyman contributed to,[['dbo:musicComposer']],['dbo:musicComposer'],factoid,0.0,0.0,0.0,7,1,1,[['dbo:musicComposer']],['dbo:writer'],factoid
489,1.0,1.0,1.0,8,1,1,which central american country is elvis scott from,[['dbo:birthPlace']],['dbo:birthPlace'],factoid,0.0,0.0,0.0,8,1,1,[['dbo:birthPlace']],['dbo:nationality'],factoid
530,0.5,0.5,0.5,17,2,2,List the pole drivers in the grand prixes where Williams Grand Prix Engineering was a first team?,"[['dbp:firstTeam'], ['dbo:poleDriver']]","['dbo:firstDriver', 'dbo:poleDriver']",list,0.0,0.0,0.0,17,2,1,"[['dbp:firstTeam'], ['dbo:poleDriver']]",['dbp:race'],list
544,1.0,1.0,1.0,7,1,1,"what nationality is roger a. pielke, jr.?",[['dbo:birthPlace']],['dbo:birthPlace'],factoid,0.0,0.0,0.0,7,1,1,[['dbo:birthPlace']],['dbo:nationality'],factoid
563,0.5,1.0,0.6666666666666666,10,2,1,Which awards are presented by the committee located in Stockholm?,"[['dbp:headquarters'], ['dbo:presenter']]",['dbo:presenter'],factoid,0.0,0.0,0.0,10,2,1,"[['dbp:headquarters'], ['dbo:presenter']]",['dbo:award'],factoid
571,1.0,1.0,1.0,9,1,1,What all are written in the C programming language?,[['dbp:programmingLanguage']],['dbp:programmingLanguage'],factoid,0.0,0.0,0.0,9,1,1,[['dbp:programmingLanguage']],['dbo:programmingLanguage'],factoid
608,1.0,1.0,1.0,7,1,2,what mountain is located in the himalayas?,"[['dbo:country', 'dbo:locatedInArea', 'dbo:region']]","['dbo:locatedInArea', 'dbo:region']",factoid,0.0,0.0,0.0,7,1,1,"[['dbo:country', 'dbo:locatedInArea', 'dbo:region']]",['dbo:mountainRange'],factoid
616,0.5,1.0,0.6666666666666666,14,2,1,Who is the developer of the software which distributes Batman: Arkham City Lockdown ?,"[['dbp:distributor'], ['dbp:developer']]",['dbp:developer'],factoid,0.0,0.0,0.0,14,2,1,"[['dbp:distributor'], ['dbp:developer']]",['dbo:developer'],factoid
623,1.0,0.5,0.6666666666666666,7,1,2,What genre is king of the hill,[['dbo:genre']],"['dbo:genre', 'dbo:literaryGenre']",factoid,0.0,0.0,0.0,7,1,1,[['dbo:genre']],['dbo:literaryGenre'],factoid
645,1.0,1.0,1.0,6,1,1,what album is by Ray Charles,[['dbo:type']],['dbo:type'],factoid,0.0,0.0,0.0,6,1,1,[['dbo:type']],['dbo:artist'],factoid
658,0.5,1.0,0.6666666666666666,20,2,1,What is the alma mater of the Marshall Fletcher McCallie and has affiliation with  Vanderbilt University Medical Center ?,"[['dbp:almaMater'], ['dbp:affiliation']]",['dbp:affiliation'],factoid,0.0,0.0,0.0,20,2,1,"[['dbp:almaMater'], ['dbp:affiliation']]",['dbo:almaMater'],factoid
664,1.0,1.0,1.0,7,1,1,Was Yabanc Damat first aired in UAE?,[['dbp:firstAired']],['dbp:firstAired'],boolean,0.0,0.0,0.0,7,1,1,[['dbp:firstAired']],['dbo:country'],boolean
713,1.0,1.0,1.0,9,1,1,"Where was Ne daj se, Nina first aired ?",[['dbp:firstAired']],['dbp:firstAired'],factoid,0.0,0.0,0.0,9,1,1,[['dbp:firstAired']],['dbo:country'],factoid
758,1.0,1.0,1.0,8,1,1,what is an album released by Dusty Springfield,[['dbo:type']],['dbo:type'],factoid,0.0,0.0,0.0,8,1,1,[['dbo:type']],['dbo:artist'],factoid
776,1.0,1.0,1.0,6,1,2,Where in the world is lewisport,"[['dbo:country', 'dbo:isPartOf']]","['dbo:country', 'dbo:isPartOf']",factoid,0.0,0.0,0.0,6,1,1,"[['dbo:country', 'dbo:isPartOf']]",['dbo:location'],factoid
793,1.0,1.0,1.0,8,1,1,Name the branch of Carroll E. Lanier ?,[['dbp:branch']],['dbp:branch'],list,0.0,0.0,0.0,8,1,1,[['dbp:branch']],['dbo:relative'],list
805,1.0,1.0,1.0,11,1,1,what is the production company of the sound of music (film)?,[['dbp:studio']],['dbp:studio'],factoid,0.0,0.0,0.0,11,1,1,[['dbp:studio']],['dbo:distributor'],factoid
846,0.5,1.0,0.6666666666666666,16,2,1,What is the home town of the musical artist who is the current members of Slapstick?,"[['dbp:currentMembers'], ['dbo:hometown']]",['dbo:hometown'],factoid,0.0,0.0,0.0,16,2,1,"[['dbp:currentMembers'], ['dbo:hometown']]",['dbp:artist'],factoid
853,1.0,1.0,1.0,7,1,1,Is Henry David Thoreau interested in Politics?,[['dbp:mainInterests']],['dbp:mainInterests'],boolean,0.0,0.0,0.0,7,1,1,[['dbp:mainInterests']],['dbo:occupation'],boolean
903,1.0,0.5,0.6666666666666666,5,1,2,What genre is twice-told tales,[['dbo:literaryGenre']],"['dbo:genre', 'dbo:literaryGenre']",factoid,0.0,0.0,0.0,5,1,1,[['dbo:literaryGenre']],['dbo:genre'],factoid
906,0.5,1.0,0.6666666666666666,16,2,1,Name the officeholder who hasa child named Augustus and has an associate named Marcus Bibulus ?,"[['dbo:associate'], ['dbp:children']]",['dbp:children'],list,0.0,0.0,0.0,16,2,1,"[['dbo:associate'], ['dbp:children']]",['dbo:child'],list
948,0.5,1.0,0.6666666666666666,10,2,1,Name some people working at someplace owned by News Corp.,"[['dbp:owners'], ['dbo:employer']]",['dbo:employer'],list,0.0,0.0,0.0,10,2,1,"[['dbp:owners'], ['dbo:employer']]",['dbp:owner'],list
951,0.5,1.0,0.6666666666666666,14,2,1,List the origin of the weapons which were used in the American Revolutionary War.,"[['dbo:usedInWar'], ['dbp:origin']]",['dbp:origin'],list,0.0,0.0,0.0,14,2,1,"[['dbo:usedInWar'], ['dbp:origin']]",['dbo:hometown'],list
973,1.0,0.5,0.6666666666666666,6,1,2,Who wrote the pigman & me?,[['dbo:author']],"['dbo:author', 'dbo:writer']",factoid,0.0,0.0,0.0,6,1,1,[['dbo:author']],['dbo:writer'],factoid
985,1.0,1.0,1.0,7,1,2,Who was david a. hargrave influemced by,"[['dbo:influencedBy', 'dbo:influenced']]","['dbo:influenced', 'dbo:influencedBy']",factoid,0.0,0.0,0.0,7,1,1,"[['dbo:influencedBy', 'dbo:influenced']]",['dbo:associatedMusicalArtist'],factoid
1107,1.0,1.0,1.0,6,1,1,What country is charlie monroe from?,[['dbo:birthPlace']],['dbo:birthPlace'],factoid,0.0,0.0,0.0,6,1,1,[['dbo:birthPlace']],['dbo:nationality'],factoid
1142,0.5,1.0,0.6666666666666666,17,2,1,"How many awards have been received by graduates of University of Melbourne, Faculty of VCA & MCM?","[['dbo:training'], ['dbo:award']]",['dbo:award'],count,0.0,0.0,0.0,17,2,1,"[['dbo:training'], ['dbo:award']]",['dbo:almaMater'],count
1148,0.5,1.0,0.6666666666666666,15,2,1,Which mainter of Pandaruan Bridge is also the land of Malaysia junior Hockey league ?,"[['dbo:country'], ['dbo:maintainedBy']]",['dbo:country'],factoid,0.0,0.0,0.0,15,2,1,"[['dbo:country'], ['dbo:maintainedBy']]",['dbo:locatedInArea'],factoid
1158,1.0,1.0,1.0,6,1,1,Name a song produced by u2?,[['dbo:artist']],['dbo:artist'],list,0.0,0.0,0.0,6,1,1,[['dbo:artist']],['dbp:producer'],list
1211,1.0,0.5,0.6666666666666666,11,1,2,What are the movies whose music is given by Laurie Johnson?,[['dbp:music']],"['dbo:musicComposer', 'dbp:music']",factoid,0.0,0.0,0.0,11,1,1,[['dbp:music']],['dbo:musicComposer'],factoid
1234,0.5,1.0,0.6666666666666666,13,2,1,What is the municipality of the Homestead Grays Bridge and Roberto Clemente Bridge?,"[['dbo:municipality'], ['dbo:municipality']]",['dbo:municipality'],factoid,0.0,0.0,0.0,13,2,1,"[['dbo:municipality'], ['dbo:municipality']]",['dbo:locatedInArea'],factoid
1242,1.0,1.0,1.0,10,1,1,what type of album was emre: dark matter released as,[['dbo:type']],['dbo:type'],factoid,0.0,0.0,0.0,10,1,1,[['dbo:type']],['dbo:genre'],factoid
1244,1.0,1.0,1.0,7,1,1,what is moses sichone's country of nationality?,[['dbo:birthPlace']],['dbo:birthPlace'],factoid,0.0,0.0,0.0,7,1,1,[['dbo:birthPlace']],['dbo:nationality'],factoid
1250,1.0,1.0,1.0,5,1,1,where was winifred asprey born,[['dbo:birthPlace']],['dbo:birthPlace'],factoid,0.0,0.0,0.0,5,1,1,[['dbo:birthPlace']],['dbo:nationality'],factoid
1253,0.5,1.0,0.6666666666666666,11,2,1,"In which region is the rival school of Somerset, Massachusetts located?","[['dbp:rival'], ['dbo:region']]",['dbo:region'],factoid,0.0,0.0,0.0,11,2,1,"[['dbp:rival'], ['dbo:region']]",['dbo:location'],factoid
1268,1.0,1.0,1.0,12,1,1,"What is the serving railway line of Warwick railway station, Perth ?",[['dbo:servingRailwayLine']],['dbo:servingRailwayLine'],factoid,0.0,0.0,0.0,12,1,1,[['dbo:servingRailwayLine']],['dbo:routeEnd'],factoid
1311,0.5,1.0,0.6666666666666666,12,2,1,How many different people hold authority over the members of Balanidae family?,"[['dbo:family'], ['dbo:binomialAuthority']]",['dbo:family'],count,0.0,0.0,0.0,12,2,1,"[['dbo:family'], ['dbo:binomialAuthority']]",['dbp:successor'],count
1331,1.0,1.0,1.0,7,1,1,which album is produced by Nancy Sinatra,[['dbo:type']],['dbo:type'],factoid,0.0,0.0,0.0,7,1,1,[['dbo:type']],['dbo:artist'],factoid
1336,1.0,0.5,0.6666666666666666,9,1,2,which scientific works were written by victor j. stenger?,[['dbo:author']],"['dbo:author', 'dbo:notableWork']",factoid,0.0,0.0,0.0,9,1,1,[['dbo:author']],['dbo:notableWork'],factoid
1355,1.0,0.5,0.6666666666666666,5,1,2,where is matt asiata from,[['dbo:birthPlace']],"['dbo:birthPlace', 'dbo:hometown']",factoid,0.0,0.0,0.0,5,1,1,[['dbo:birthPlace']],['dbo:hometown'],factoid
1379,0.5,0.5,0.5,8,2,2,List the colonel with branch as Militia ?,"[['dbp:branch'], ['dbp:rank']]","['dbo:militaryBranch', 'dbp:branch']",list,0.0,0.0,0.0,8,2,1,"[['dbp:branch'], ['dbp:rank']]",['dbo:militaryBranch'],list
1386,1.0,1.0,1.0,11,1,1,Name the home Stadium of Kenya national under-20 football team ?,[['dbp:homeStadium']],['dbp:homeStadium'],list,0.0,0.0,0.0,11,1,1,[['dbp:homeStadium']],['dbo:homeStadium'],list
1403,1.0,1.0,1.0,8,1,1,What is the region of Lumberjack  ?,[['dbp:region']],['dbp:region'],factoid,0.0,0.0,0.0,8,1,1,[['dbp:region']],['dbo:isPartOf'],factoid
1409,1.0,1.0,1.0,9,1,1,What are the things Eric Schiller known for ?,[['dbo:knownFor']],['dbo:knownFor'],factoid,0.0,0.0,0.0,9,1,1,[['dbo:knownFor']],['dbo:field'],factoid
1421,1.0,1.0,1.0,9,1,1,how is anhui university of traditional chinese medicine categorized,[['dbo:type']],['dbo:type'],factoid,0.0,0.0,0.0,9,1,1,[['dbo:type']],['dbo:literaryGenre'],factoid
1449,1.0,1.0,1.0,9,1,1,what kind of album is return of the pride?,[['dbo:genre']],['dbo:genre'],factoid,0.0,0.0,0.0,9,1,1,[['dbo:genre']],['dbo:type'],factoid
1468,1.0,1.0,1.0,5,1,2,where are sparks hill located,"[['dbo:country', 'dbo:isPartOf']]","['dbo:country', 'dbo:isPartOf']",factoid,0.0,0.0,0.0,5,1,1,"[['dbo:country', 'dbo:isPartOf']]",['dbo:locatedInArea'],factoid
1472,0.5,1.0,0.6666666666666666,7,2,1,Where can i find salad based food?,"[['dbp:mainIngredient'], ['dbp:country']]",['dbp:country'],factoid,0.0,0.0,0.0,7,2,1,"[['dbp:mainIngredient'], ['dbp:country']]",['dbo:ingredient'],factoid
1490,1.0,1.0,1.0,7,1,1,Who was John F. Kennedy's vice president?,[['dbo:vicePresident']],['dbo:vicePresident'],factoid,0.0,0.0,0.0,7,1,1,[['dbo:vicePresident']],['dbo:president'],factoid
1491,0.5,1.0,0.6666666666666666,10,2,1,How many relatives are there of veterans of operation Barbarossa?,"[['dbo:battle'], ['dbo:relation']]",['dbo:relation'],count,0.0,0.0,0.0,10,2,1,"[['dbo:battle'], ['dbo:relation']]",['dbp:battles'],count
1506,0.5,1.0,0.6666666666666666,12,2,1,Which continents can be reached by flight companies available on Gatwick Airport?,"[['dbo:targetAirport'], ['dbp:destinations']]",['dbp:destinations'],factoid,0.0,0.0,0.0,12,2,1,"[['dbo:targetAirport'], ['dbp:destinations']]",['dbo:destination'],factoid
1515,1.0,1.0,1.0,5,1,1,what is andr√© gumprecht's nationality,[['dbo:birthPlace']],['dbo:birthPlace'],factoid,0.0,0.0,0.0,5,1,1,[['dbo:birthPlace']],['dbo:nationality'],factoid
1531,1.0,1.0,1.0,10,1,1,is black label society from los angeles or san diego,[['dbo:hometown']],['dbo:hometown'],boolean,0.0,0.0,0.0,10,1,1,[['dbo:hometown']],['dbo:recordLabel'],boolean
1534,1.0,1.0,1.0,5,1,1,What genre is theocracy in?,[['dbo:genre']],['dbo:genre'],factoid,0.0,0.0,0.0,5,1,1,[['dbo:genre']],['dbo:literaryGenre'],factoid
1543,1.0,0.5,0.6666666666666666,6,1,2,what country is little walter from,[['dbo:hometown']],"['dbo:country', 'dbo:hometown']",factoid,0.0,0.0,0.0,6,1,1,[['dbo:hometown']],['dbo:birthPlace'],factoid
1585,0.5,1.0,0.6666666666666666,10,2,1,Whose band members are known to play a PRS guitar?,"[['dbp:notableInstruments'], ['dbp:currentMembers']]",['dbp:notableInstruments'],factoid,0.0,0.0,0.0,10,2,1,"[['dbp:notableInstruments'], ['dbp:currentMembers']]",['dbo:instrument'],factoid
1591,1.0,0.6666666666666666,0.8,15,2,3,Which office holder's predecessor is  Lucius Cornelius and his associate is Marcus Calpurnius Bibulus?,"[['dbo:associate'], ['dbo:predecessor']]","['dbo:associate', 'dbo:predecessor', 'dbp:predecessor']",factoid,0.0,0.0,0.0,15,2,1,"[['dbo:associate'], ['dbo:predecessor']]",['dbp:successor'],factoid
1611,0.5,1.0,0.6666666666666666,12,2,1,What is the common citizenship between JSM Hopoer and Robert Valentine ?,"[['dbo:citizenship'], ['dbo:country']]",['dbo:citizenship'],factoid,0.0,0.0,0.0,12,2,1,"[['dbo:citizenship'], ['dbo:country']]",['dbo:nationality'],factoid
1613,0.5,1.0,0.6666666666666666,10,2,1,How many rivers are crossed by different Box Girder bridges?,"[['dbp:crosses'], ['dbp:design']]",['dbp:crosses'],count,0.0,0.0,0.0,10,2,1,"[['dbp:crosses'], ['dbp:design']]",['dbo:crosses'],count
1621,1.0,1.0,1.0,7,1,1,what is the nationality of aatef jenyat,[['dbo:birthPlace']],['dbo:birthPlace'],factoid,0.0,0.0,0.0,7,1,1,[['dbo:birthPlace']],['dbo:nationality'],factoid
1626,1.0,1.0,1.0,4,1,1,"Who wrote i, robot?",[['dbo:writer']],['dbo:writer'],factoid,0.0,0.0,0.0,4,1,1,[['dbo:writer']],['dbp:writer'],factoid
1673,0.5,0.5,0.5,13,2,2,How many movies were directed by the graduate of Burbank High School ?,"[['dbp:director'], ['dbp:education']]","['dbo:director', 'dbp:director']",count,0.0,0.0,0.0,13,2,1,"[['dbp:director'], ['dbp:education']]",['dbo:director'],count
1730,1.0,1.0,1.0,4,1,1,Who is les schwab?,[['dbo:occupation']],['dbo:occupation'],factoid,0.0,0.0,0.0,4,1,1,[['dbo:occupation']],['dbo:genre'],factoid
1737,0.5,1.0,0.6666666666666666,18,2,1,"List the significant buildings of the arch. whose one of the important work is Government Building, Kiev ?","[['dbo:significantBuilding'], ['dbo:significantBuilding']]",['dbo:significantBuilding'],list,0.0,0.0,0.0,18,2,1,"[['dbo:significantBuilding'], ['dbo:significantBuilding']]",['dbo:architect'],list
1817,1.0,1.0,1.0,13,1,1,Where in the United States is the neskowin beach state recreation site located,[['dbo:location']],['dbo:location'],factoid,0.0,0.0,0.0,13,1,1,[['dbo:location']],['dbo:country'],factoid
1841,0.5,1.0,0.6666666666666666,8,2,1,Which shows had their painters born in England?,"[['dbo:creator'], ['dbp:birthPlace']]",['dbp:birthPlace'],factoid,0.0,0.0,0.0,8,2,1,"[['dbo:creator'], ['dbp:birthPlace']]",['dbo:birthPlace'],factoid
1878,1.0,1.0,1.0,5,1,1,Who wrote the magic show?,[['dbo:author']],['dbo:author'],factoid,0.0,0.0,0.0,5,1,1,[['dbo:author']],['dbp:writer'],factoid
1881,1.0,0.5,0.6666666666666666,9,1,2,Was Duanne Allman famous for playing the Gibson SG?,[['dbp:notableInstruments']],"['dbo:knownFor', 'dbp:notableInstruments']",boolean,0.0,0.0,0.0,9,1,1,[['dbp:notableInstruments']],['dbo:instrument'],boolean
1895,0.5,1.0,0.6666666666666666,15,2,1,What things canonized John of Damascus and and also venerated the Edwin of Northumbria ?,"[['dbp:veneratedIn'], ['dbo:canonizedBy']]",['dbo:canonizedBy'],factoid,0.0,0.0,0.0,15,2,1,"[['dbp:veneratedIn'], ['dbo:canonizedBy']]",['dbp:canonizedBy'],factoid
1903,1.0,1.0,1.0,17,1,1,"what city, located in the central part of the island of Honshu, Japan, was naoyuki shimizu born?",[['dbo:birthPlace']],['dbo:birthPlace'],factoid,0.0,0.0,0.0,17,1,1,[['dbo:birthPlace']],['dbp:birthPlace'],factoid
1922,1.0,0.6666666666666666,0.8,10,2,3,What team did Dan Daoust and Don Ashby play for?,"[['dbo:formerTeam'], ['dbp:playedFor']]","['dbo:formerTeam', 'dbo:team', 'dbp:playedFor']",factoid,0.0,0.0,0.0,10,2,1,"[['dbo:formerTeam'], ['dbp:playedFor']]",['dbo:team'],factoid
1932,1.0,1.0,1.0,7,1,1,What units are garrisoned in the Pentagon?,[['dbp:garrison']],['dbp:garrison'],factoid,0.0,0.0,0.0,7,1,1,[['dbp:garrison']],['dbo:militaryUnit'],factoid
1955,1.0,1.0,1.0,7,1,1,What is an album by Neville Staple?,[['dbo:type']],['dbo:type'],factoid,0.0,0.0,0.0,7,1,1,[['dbo:type']],['dbo:artist'],factoid
1958,0.5,1.0,0.6666666666666666,11,2,1,What is written in a programming language developed by GNOME Project?,"[['dbp:developer'], ['dbp:programmingLanguage']]",['dbp:programmingLanguage'],factoid,0.0,0.0,0.0,11,2,1,"[['dbp:developer'], ['dbp:programmingLanguage']]",['dbo:programmingLanguage'],factoid
2009,1.0,0.5,0.6666666666666666,11,1,2,Who was the director for the movie a star is born?,[['dbo:director']],"['dbo:birthPlace', 'dbo:director']",factoid,0.0,0.0,0.0,11,1,2,[['dbo:director']],"['dbo:birthPlace', 'dbp:birthPlace']",factoid
2049,1.0,1.0,1.0,7,1,1,Where does lake borgne flow out to,[['dbo:outflow']],['dbo:outflow'],factoid,0.0,0.0,0.0,7,1,1,[['dbo:outflow']],['dbo:riverMouth'],factoid
2064,1.0,1.0,1.0,5,1,1,what is an electronic album,[['dbo:type']],['dbo:type'],factoid,0.0,0.0,0.0,5,1,1,[['dbo:type']],['dbo:genre'],factoid
2102,1.0,1.0,1.0,14,1,1,michael apted was the film producer on which documentary film directed by Michael Apted?,[['dbo:producer']],['dbo:producer'],factoid,0.0,0.0,0.0,14,1,1,[['dbo:producer']],['dbo:director'],factoid
2103,1.0,1.0,1.0,7,1,1,which country is garcia de orta from,[['dbo:birthPlace']],['dbo:birthPlace'],factoid,0.0,0.0,0.0,7,1,1,[['dbo:birthPlace']],['dbo:nationality'],factoid
2139,0.5,1.0,0.6666666666666666,18,2,1, Name the city whose province is Metropolitan City of Venice and has leader as Luigi Brugnaro ?,"[['dbo:leaderName'], ['dbp:province']]",['dbp:province'],list,0.0,0.0,0.0,18,2,1,"[['dbo:leaderName'], ['dbp:province']]",['dbo:leader'],list
2167,1.0,1.0,1.0,8,1,1,the laws of scourge is what musical type,[['dbo:genre']],['dbo:genre'],factoid,0.0,0.0,0.0,8,1,1,[['dbo:genre']],['dbo:type'],factoid
2173,0.5,1.0,0.6666666666666666,14,2,1,The pope whose shrine is in St Peter's Basilica was venerated in which sects?,"[['dbp:majorShrine'], ['dbp:veneratedIn']]",['dbp:veneratedIn'],list,0.0,0.0,0.0,14,2,1,"[['dbp:majorShrine'], ['dbp:veneratedIn']]",['dbp:religion'],list
2184,1.0,1.0,1.0,8,1,1,which city has northern pacific bridge number 9,[['dbo:locatedInArea']],['dbo:locatedInArea'],factoid,0.0,0.0,0.0,8,1,1,[['dbo:locatedInArea']],['dbo:city'],factoid
2196,1.0,1.0,1.0,11,2,2,Which creation of Josh Friedman was portrayed in Terminator 2 ?,"[['dbo:portrayer'], ['dbp:creator']]","['dbo:portrayer', 'dbp:creator']",factoid,0.0,0.0,0.0,11,2,1,"[['dbo:portrayer'], ['dbp:creator']]",['dbo:creator'],factoid
2211,0.5,1.0,0.6666666666666666,17,2,1,With which musical artist is the music group which sung Mind Blowin' related to ?  ,"[['dbo:musicalArtist'], ['dbo:associatedMusicalArtist']]",['dbo:associatedMusicalArtist'],factoid,0.0,0.0,0.0,17,2,1,"[['dbo:musicalArtist'], ['dbo:associatedMusicalArtist']]",['dbp:artist'],factoid
2213,0.5,1.0,0.6666666666666666,13,2,1,Which is the common prospect team of Mikhail Pashnin and Robin kovacs ?,"[['dbp:prospectTeam'], ['dbo:prospectTeam']]",['dbp:prospectTeam'],factoid,0.0,0.0,0.0,13,2,1,"[['dbp:prospectTeam'], ['dbo:prospectTeam']]",['dbp:draftTeam'],factoid
2222,1.0,1.0,1.0,8,1,1,Is Essex the Ceremonial County of West Tilbury?,[['dbo:ceremonialCounty']],['dbo:ceremonialCounty'],boolean,0.0,0.0,0.0,8,1,1,[['dbo:ceremonialCounty']],['dbo:capital'],boolean
2224,1.0,1.0,1.0,6,1,1,what country is liisa nevalainen from,[['dbo:birthPlace']],['dbo:birthPlace'],factoid,0.0,0.0,0.0,6,1,1,[['dbo:birthPlace']],['dbo:nationality'],factoid
2242,0.5,1.0,0.6666666666666666,10,2,1,How many different genres of games are produced by Blizzard?,"[['dbo:developer'], ['dbp:genre']]",['dbp:genre'],count,0.5,0.5,0.5,10,2,2,"[['dbo:developer'], ['dbp:genre']]","['dbo:genre', 'dbp:genre']",count
2253,1.0,1.0,1.0,5,1,1,what company owns grocery store,[['dbo:industry']],['dbo:industry'],factoid,0.0,0.0,0.0,5,1,1,[['dbo:industry']],['dbo:owner'],factoid
2256,1.0,1.0,1.0,9,1,1,What is the automobile platform of Chiva bus ?,[['dbo:automobilePlatform']],['dbo:automobilePlatform'],factoid,0.0,0.0,0.0,9,1,1,[['dbo:automobilePlatform']],['dbo:genre'],factoid
2266,1.0,1.0,1.0,7,1,1,what's a 2006 album by Bucky Pizzarelli?,[['dbo:type']],['dbo:type'],list,0.0,0.0,0.0,7,1,1,[['dbo:type']],['dbo:artist'],list
2299,1.0,1.0,1.0,6,1,1,Who is the mayor of Paris?,[['dbo:mayor']],['dbo:mayor'],factoid,0.0,0.0,0.0,6,1,1,[['dbo:mayor']],['dbo:leaderName'],factoid
2335,0.5,0.5,0.5,10,2,2,Who has fought in the conflicts around the Mississippi river?,"[['dbp:place'], ['dbp:combatant']]","['dbo:place', 'dbp:combatant']",factoid,0.0,0.0,0.0,10,2,1,"[['dbp:place'], ['dbp:combatant']]",['dbo:battle'],factoid
2341,1.0,1.0,1.0,3,1,1,who wrote stepmom?,[['dbo:writer']],['dbo:writer'],factoid,0.0,0.0,0.0,3,1,1,[['dbo:writer']],['dbo:author'],factoid
2365,1.0,1.0,1.0,12,1,1,What are some fictional characters whose voice is in the peanuts movie?,[['dbo:voice']],['dbo:voice'],factoid,0.0,0.0,0.0,12,1,1,[['dbo:voice']],['dbp:characters'],factoid
2370,0.5,1.0,0.6666666666666666,10,2,1,In which state can I find Burr Truss styled bridges?,"[['dbp:style'], ['dbo:state']]",['dbo:state'],factoid,0.0,0.0,0.0,10,2,1,"[['dbp:style'], ['dbo:state']]",['dbo:locatedInArea'],factoid
2391,1.0,1.0,1.0,8,1,1,what films has kelly reichardt been credited in,[['dbo:writer']],['dbo:writer'],factoid,0.0,0.0,0.0,8,1,1,[['dbo:writer']],['dbo:musicComposer'],factoid
2412,0.5,1.0,0.6666666666666666,10,2,1,Which writer is famous for works written by Neil Gaiman?,"[['dbp:writers'], ['dbo:notableWork']]",['dbo:notableWork'],factoid,0.5,0.5,0.5,10,2,2,"[['dbp:writers'], ['dbo:notableWork']]","['dbo:author', 'dbo:notableWork']",factoid
2421,0.5,1.0,0.6666666666666666,13,2,1,"Through which important cities the does the river originating from the Duwamish, flow?","[['dbo:source'], ['dbo:city']]",['dbo:city'],factoid,0.0,0.0,0.0,13,2,1,"[['dbo:source'], ['dbo:city']]",['dbo:riverMouth'],factoid
2426,1.0,1.0,1.0,5,1,1,How tall is Michael Jordan?,[['dbo:height']],['dbo:height'],factoid,0.0,0.0,0.0,5,1,1,[['dbo:height']],['dbo:literaryGenre'],factoid
2462,1.0,1.0,1.0,6,1,1,what tv genre is barney miller,[['dbo:genre']],['dbo:genre'],factoid,0.0,0.0,0.0,6,1,1,[['dbo:genre']],['dbp:genre'],factoid
2465,0.5,1.0,0.6666666666666666,18,2,1,Tell me the name of the Prime Time Entertainment Network's TV show whose Artist is Christopher Franke ?,"[['dbo:network'], ['dbp:artist']]",['dbp:artist'],list,0.0,0.0,0.0,18,2,1,"[['dbo:network'], ['dbp:artist']]",['dbp:themeMusicComposer'],list
2476,1.0,0.5,0.6666666666666666,7,1,2,what company produced the andromeda strain (film)?,[['dbo:distributor']],"['dbo:distributor', 'dbp:studio']",factoid,0.0,0.0,0.0,7,1,1,[['dbo:distributor']],['dbp:studio'],factoid
2477,1.0,1.0,1.0,10,2,2,Name the sitcoms whose network's owning company is Chris-Craft Industries?,"[['dbo:network'], ['dbo:owningCompany']]","['dbo:network', 'dbo:owningCompany']",list,0.0,0.0,0.0,10,2,1,"[['dbo:network'], ['dbo:owningCompany']]",['dbp:company'],list
2518,1.0,1.0,1.0,10,1,1,Name an animated cartoon that played on Nickelodeon during 1998-2005,[['dbo:genre']],['dbo:genre'],list,0.0,0.0,0.0,10,1,1,[['dbo:genre']],['dbp:genre'],list
2540,1.0,1.0,1.0,6,1,1,which films did charlie chaplin direct,[['dbo:director']],['dbo:director'],factoid,0.0,0.0,0.0,6,1,1,[['dbo:director']],['dbo:cinematography'],factoid
2575,0.5,1.0,0.6666666666666666,15,2,1,What is the largest city of the country which have an assembly of Plymouth Savoy?,"[['dbo:assembly'], ['dbo:largestCity']]",['dbo:largestCity'],factoid,0.0,0.0,0.0,15,2,1,"[['dbo:assembly'], ['dbo:largestCity']]",['dbo:capital'],factoid
2580,1.0,1.0,1.0,9,1,1,Does the hudson river flow into the lower manhatten?,[['dbo:mouthMountain']],['dbo:mouthMountain'],boolean,0.0,0.0,0.0,9,1,1,[['dbo:mouthMountain']],['dbo:riverMouth'],boolean
2599,1.0,1.0,1.0,7,1,1,What are some neighboring cities of cologny?,[['dbp:neighboringMunicipalities']],['dbp:neighboringMunicipalities'],factoid,0.0,0.0,0.0,7,1,1,[['dbp:neighboringMunicipalities']],['dbo:nearestCity'],factoid
2609,1.0,1.0,1.0,7,1,1,which city in texas does kxan-tv services?,[['dbo:location']],['dbo:location'],factoid,0.0,0.0,0.0,7,1,1,[['dbo:location']],['dbo:city'],factoid
2626,1.0,1.0,1.0,6,1,1,Is Fluidinfo written in PostgreSQL language?,[['dbp:programmingLanguage']],['dbp:programmingLanguage'],boolean,0.0,0.0,0.0,6,1,1,[['dbp:programmingLanguage']],['dbo:programmingLanguage'],boolean
2635,1.0,1.0,1.0,7,1,1,the invisible is what type of album?,[['dbo:genre']],['dbo:genre'],factoid,0.0,0.0,0.0,7,1,1,[['dbo:genre']],['dbo:type'],factoid
2639,1.0,0.5,0.6666666666666666,7,1,2,What's a song written by jack johnson,[['dbo:artist']],"['dbo:artist', 'dbo:writer']",factoid,0.0,0.0,0.0,7,1,1,[['dbo:artist']],['dbo:writer'],factoid
2649,0.5,0.5,0.5,13,2,2,How many TV shows are similar to the ones belonging to fantasy genre?,"[['dbo:related'], ['dbo:genre']]","['dbo:genre', 'dbp:genre']",count,0.5,0.5,0.5,13,2,2,"[['dbo:related'], ['dbo:genre']]","['dbo:genre', 'dbp:genre']",count
2661,1.0,1.0,1.0,12,1,1,Name the home ground of  2015 Fort Lauderdale Strikers season ?,[['dbo:ground']],['dbo:ground'],list,0.0,0.0,0.0,12,1,1,[['dbo:ground']],['dbo:formerTeam'],list
2667,1.0,1.0,1.0,9,1,1,where is the cape canaveral air force station based,[['dbo:location']],['dbo:location'],factoid,0.0,0.0,0.0,9,1,1,[['dbo:location']],['dbo:country'],factoid
2681,1.0,1.0,1.0,8,1,1,what does walter f. george lake flow into?,[['dbo:outflow']],['dbo:outflow'],factoid,0.0,0.0,0.0,8,1,1,[['dbo:outflow']],['dbo:riverMouth'],factoid
2699,0.5,0.5,0.5,10,2,2,what kind of games can I find for PC 9800?,"[['dbo:computingPlatform'], ['dbp:genre']]","['dbo:computingPlatform', 'dbo:genre']",factoid,0.0,0.0,0.0,10,2,1,"[['dbo:computingPlatform'], ['dbp:genre']]",['dbo:genre'],factoid
2725,0.5,1.0,0.6666666666666666,11,2,1,Where is the head quarters of the owner of Hamline Avenue?,"[['dbo:owner'], ['dbp:headquarters']]",['dbp:headquarters'],factoid,0.0,0.0,0.0,11,2,1,"[['dbo:owner'], ['dbp:headquarters']]",['dbp:owner'],factoid
2741,0.5,1.0,0.6666666666666666,10,2,1,Who are some cofounders of record labels with Frank Rogers?,"[['dbo:foundedBy'], ['dbp:founder']]",['dbp:founder'],factoid,0.0,0.0,0.0,10,2,1,"[['dbo:foundedBy'], ['dbp:founder']]",['dbp:label'],factoid
2764,1.0,1.0,1.0,8,1,1,where can the payette national forest be found,[['dbo:location']],['dbo:location'],factoid,0.0,0.0,0.0,8,1,1,[['dbo:location']],['dbo:country'],factoid
2771,0.5,0.5,0.5,13,2,2,What is the war in which both K Fordice and P Fitzwallace fight?,"[['dbp:battles'], ['dbp:battles']]","['dbo:battle', 'dbp:battles']",factoid,0.0,0.0,0.0,13,2,1,"[['dbp:battles'], ['dbp:battles']]",['dbo:battle'],factoid
2796,1.0,1.0,1.0,9,1,1,How many bacterias are there whose division is Firmicutes?,[['dbo:division']],['dbo:division'],count,0.0,0.0,0.0,9,1,1,[['dbo:division']],['dbo:order'],count
2853,1.0,0.5,0.6666666666666666,7,1,2,Which state is mount washburn located in,[['dbo:locatedInArea']],"['dbo:isPartOf', 'dbo:locatedInArea']",factoid,0.0,0.0,0.0,7,1,2,[['dbo:locatedInArea']],"['dbo:country', 'dbo:isPartOf']",factoid
2860,0.5,1.0,0.6666666666666666,9,2,1,What are some awards given to the french people?,"[['dbo:stateOfOrigin'], ['dbp:awards']]",['dbp:awards'],factoid,0.0,0.0,0.0,9,2,1,"[['dbo:stateOfOrigin'], ['dbp:awards']]",['dbo:award'],factoid
2891,1.0,0.5,0.6666666666666666,5,1,2,Where is masse broberg from,[['dbo:hometown']],"['dbo:birthPlace', 'dbo:hometown']",factoid,0.0,0.0,0.0,5,1,1,[['dbo:hometown']],['dbo:birthPlace'],factoid
2927,0.5,0.5,0.5,9,2,2,How many people hold important positions alongwith Donna Shalala?,"[['dbo:keyPerson'], ['dbp:keyPeople']]","['dbo:keyPerson', 'dbo:position']",count,0.0,0.0,0.0,9,2,1,"[['dbo:keyPerson'], ['dbp:keyPeople']]",['dbo:occupation'],count
2930,1.0,1.0,1.0,9,1,1,what film is the brave one (2007 film) by?,[['dbo:writer']],['dbo:writer'],factoid,0.0,0.0,0.0,9,1,1,[['dbo:writer']],['dbo:director'],factoid
2943,1.0,0.5,0.6666666666666666,5,1,2,where did nick rhodes originate?,[['dbo:birthPlace']],"['dbo:birthPlace', 'dbo:hometown']",factoid,0.0,0.0,0.0,5,1,1,[['dbo:birthPlace']],['dbo:hometown'],factoid
2969,0.5,1.0,0.6666666666666666,6,2,1,Who owns a bridge in Boston?,"[['dbo:locatedInArea'], ['dbp:owner']]",['dbp:owner'],factoid,0.0,0.0,0.0,6,2,1,"[['dbo:locatedInArea'], ['dbp:owner']]",['dbo:owner'],factoid
2980,0.5,1.0,0.6666666666666666,18,2,1,List the driver of SA MArino Grand Prix is also the Pole driver of Canadian Grand Proix ?,"[['dbp:poleDriver'], ['dbp:firstDriver']]",['dbp:firstDriver'],list,0.0,0.0,0.0,18,2,1,"[['dbp:poleDriver'], ['dbp:firstDriver']]",['dbo:poleDriver'],list
2991,1.0,0.5,0.6666666666666666,7,1,2,which album was released by kenny burrell?,[['dbo:type']],"['dbo:artist', 'dbo:type']",factoid,0.0,0.0,0.0,7,1,1,[['dbo:type']],['dbo:artist'],factoid
2994,1.0,1.0,1.0,6,1,1,what is the nationality of sissi?,[['dbo:birthPlace']],['dbo:birthPlace'],factoid,0.0,0.0,0.0,6,1,1,[['dbo:birthPlace']],['dbo:nationality'],factoid
2997,1.0,1.0,1.0,7,1,1,what is an album by karl rove,[['dbo:artist']],['dbo:artist'],factoid,0.0,0.0,0.0,7,1,1,[['dbo:artist']],['dbo:type'],factoid
3006,1.0,1.0,1.0,9,1,1,What was the title of Joe Lovano's 21st album?,[['dbo:type']],['dbo:type'],factoid,0.0,0.0,0.0,9,1,1,[['dbo:type']],['dbo:artist'],factoid
3050,0.5,1.0,0.6666666666666666,11,2,1,Who served a vice president buried in United First Parish Church?,"[['dbp:restingplace'], ['dbo:vicePresident']]",['dbo:vicePresident'],factoid,0.0,0.0,0.0,11,2,1,"[['dbp:restingplace'], ['dbo:vicePresident']]",['dbo:restingPlace'],factoid
3066,1.0,1.0,1.0,8,1,1,To which senator did military unit VMF-155 belong?,[['dbo:militaryUnit']],['dbo:militaryUnit'],factoid,0.0,0.0,0.0,8,1,1,[['dbo:militaryUnit']],['dbo:militaryBranch'],factoid
3084,1.0,1.0,1.0,7,1,1,Which genre of tv program is lalabel?,[['dbp:genre']],['dbp:genre'],factoid,0.0,0.0,0.0,7,1,1,[['dbp:genre']],['dbo:genre'],factoid
