,recall_left,precision_left,f1_left,word_count_left,rel_count_left,sys_relations_left,question,gold_relations_left,system_relations_left,question_type_left,recall_right,precision_right,f1_right,word_count_right,rel_count_right,sys_relations_right,gold_relations_right,system_relations_right,question_type_right,training_count
0,0.0,0.0,0.0,5,1,1,where was syd bidwell born,[['dbo:deathPlace']],['dbo:birthPlace'],factoid,0.0,0.0,0.0,5,1,1,[['dbo:deathPlace']],['dbo:birthPlace'],factoid,[[1213]]
1,0.0,0.0,0.0,9,1,1,which one of slade's albums was released in 1973?,[['dbo:type']],['dbo:artist'],factoid,0.0,0.0,0.0,9,1,1,[['dbo:type']],['dbo:artist'],factoid,[[1160]]
2,0.5,0.5,0.5,17,2,2,Name the office holder with predecessor as Samuel W. McCall and office in Massachusetts House of Representatives?,"[['dbp:office'], ['dbp:predecessor']]","['dbo:predecessor', 'dbp:predecessor']",list,0.0,0.0,0.0,17,2,1,"[['dbp:office'], ['dbp:predecessor']]",['dbp:successor'],list,"[[17], [26]]"
3,0.0,0.0,0.0,12,1,1,What are the artists that have been in the band Framptons camel?,[['dbp:associatedActs']],['dbp:artist'],factoid,0.0,0.0,0.0,12,1,1,[['dbp:associatedActs']],['dbo:associatedBand'],factoid,[[19]]
4,0.0,0.0,0.0,5,1,1,Where is roussan camille from,[['dbo:nationality']],['dbo:birthPlace'],factoid,0.0,0.0,0.0,5,1,1,[['dbo:nationality']],['dbo:birthPlace'],factoid,[[266]]
5,0.0,0.0,0.0,9,1,1,What is the official residence of Sarah Kazemy ?,[['dbp:residence']],['dbo:residence'],factoid,0.0,0.0,0.0,9,1,1,[['dbp:residence']],['dbo:residence'],factoid,[[25]]
6,0.0,0.0,0.0,6,1,1,Was Reza Amrollahi born in Iran?,[['dbp:birthplace']],['dbo:birthPlace'],boolean,0.0,0.0,0.0,6,1,1,[['dbp:birthplace']],['dbo:birthPlace'],boolean,[[11]]
7,0.0,0.0,0.0,6,1,1,What country is lawson robinson from?,[['dbo:birthPlace']],['dbo:nationality'],factoid,0.0,0.0,0.0,6,1,1,[['dbo:birthPlace']],['dbo:nationality'],factoid,[[4201]]
8,0.0,0.0,0.0,11,1,1,Who is the composer of Girl from the North Country ?,[['dbo:composer']],['dbp:composer'],factoid,0.0,0.0,0.0,11,1,1,[['dbo:composer']],['dbo:writer'],factoid,[[12]]
9,0.0,0.0,0.0,17,2,1,What woman acted in the mating habits of earthbound humans and is often associated with Mams taylor?,"[['dbo:associatedMusicalArtist'], ['dbp:starring']]",['dbp:associatedActs'],factoid,0.0,0.0,0.0,17,2,1,"[['dbo:associatedMusicalArtist'], ['dbp:starring']]",['dbp:artist'],factoid,"[[26], [31]]"
10,0.0,0.0,0.0,6,1,2,what state is sugar loaf in?,[['dbo:locatedInArea']],"['dbo:country', 'dbo:isPartOf']",factoid,0.0,0.0,0.0,6,1,2,[['dbo:locatedInArea']],"['dbo:country', 'dbo:isPartOf']",factoid,[[1072]]
11,0.5,0.5,0.5,21,2,2,What is the total number of other restingplace of the politicians whose one of the restingplace is East Norwalk Historical Cemetery?,"[['dbp:restingplace'], ['dbp:restingplace']]","['dbo:restingPlace', 'dbp:restingplace']",factoid,0.0,0.0,0.0,21,2,1,"[['dbp:restingplace'], ['dbp:restingplace']]",['dbo:restingPlace'],factoid,"[[25], [25]]"
12,0.0,0.0,0.0,10,1,1,Do the White Plains Road lie in the Bronx county?,[['dbp:counties']],['dbo:isPartOf'],boolean,0.0,0.0,0.0,10,1,1,[['dbp:counties']],['dbo:isPartOf'],boolean,[[5]]
13,0.0,0.0,0.0,4,1,1,Who wrote echo park,[['dbo:author']],['dbo:writer'],factoid,0.0,0.0,0.0,4,1,1,[['dbo:author']],['dbo:writer'],factoid,[[426]]
14,0.0,0.0,0.0,10,1,1,Who is the writer of the adventures of tom sawyer,[['dbo:author']],['dbo:writer'],factoid,0.0,0.0,0.0,10,1,2,[['dbo:author']],"['dbo:writer', 'dbp:writer']",factoid,[[426]]
15,0.0,0.0,0.0,8,1,1,Does Walson Augustin play for the Brothers Union?,[['dbp:currentclub']],['dbo:region'],boolean,0.0,0.0,0.0,8,1,1,[['dbp:currentclub']],['dbo:team'],boolean,[[12]]
16,0.0,0.0,0.0,11,1,1,Who was the production company for the film house party 2?,[['dbo:distributor']],['dbp:studio'],factoid,0.0,0.0,0.0,11,1,1,[['dbo:distributor']],['dbp:studio'],factoid,[[119]]
17,0.0,0.0,0.0,6,1,1,what is john c. dvorak's nationality?,[['dbo:nationality']],['dbo:birthPlace'],factoid,0.0,0.0,0.0,6,1,1,[['dbo:nationality']],['dbo:birthPlace'],factoid,[[266]]
18,0.0,0.0,0.0,22,2,1,What is the city of the Maine School of Science and Mathematics is also the resting place of Charles A. Boutelle ?,"[['dbp:restingplace'], ['dbo:authority']]",['dbo:restingPlace'],factoid,0.0,0.0,0.0,22,2,1,"[['dbp:restingplace'], ['dbo:authority']]",['dbo:restingPlace'],factoid,"[[25], [2]]"
19,0.0,0.0,0.0,15,2,1,Rashid Behbudov State Song Theatre and Baku Puppet Theatre can be found in which country?,"[['dbo:locationCountry'], ['dbo:locationCountry']]",['dbp:genre'],list,0.0,0.0,0.0,15,2,1,"[['dbo:locationCountry'], ['dbo:locationCountry']]",['dbo:country'],list,"[[8], [8]]"
20,0.0,0.0,0.0,6,1,1,What's an album that features dalida,[['dbo:type']],['dbo:artist'],factoid,0.0,0.0,0.0,6,1,1,[['dbo:type']],['dbo:artist'],factoid,[[1160]]
21,0.0,0.0,0.0,8,1,1,What is the genre of the three impostors?,[['dbo:literaryGenre']],['dbo:genre'],factoid,0.0,0.0,0.0,8,1,1,[['dbo:literaryGenre']],['dbo:genre'],factoid,[[750]]
22,0.0,0.0,0.0,8,1,1,Which Fijian city was semisi naevo born in,[['dbp:birthPlace']],['dbo:birthPlace'],factoid,0.0,0.0,0.0,8,1,1,[['dbp:birthPlace']],['dbo:birthPlace'],factoid,[[1526]]
23,0.0,0.0,0.0,9,1,1,Does Air 2000 fly to the north american continent?,[['dbo:destination']],['dbo:artist'],boolean,0.0,0.0,0.0,9,1,1,[['dbo:destination']],['dbo:hubAirport'],boolean,[[10]]
24,0.0,0.0,0.0,6,1,1,What country is anita pointer from?,[['dbo:hometown']],['dbo:birthPlace'],factoid,0.0,0.0,0.0,6,1,1,[['dbo:hometown']],['dbo:nationality'],factoid,[[505]]
25,0.0,0.0,0.0,11,1,1,Music of how many things has been given by Akira Ifukube?,[['dbp:music']],['dbp:birthPlace'],count,0.0,0.0,0.0,11,1,1,[['dbp:music']],['dbo:musicComposer'],count,[[26]]
26,0.0,0.0,0.0,9,1,1,who is a well known native son of crowborough,"[['dbp:birthPlace', 'dbo:birthPlace']]",['dbo:parent'],factoid,0.0,0.0,0.0,9,1,1,"[['dbp:birthPlace', 'dbo:birthPlace']]",['dbo:parent'],factoid,"[[1526, 4201]]"
27,0.5,0.5,0.5,16,2,2,Who is the writer of the Cavalcade of America and The United States Steel Hour ?,"[['dbo:writer'], ['dbo:writer']]","['dbo:writer', 'dbp:writer']",factoid,0.5,0.5,0.5,16,2,2,"[['dbo:writer'], ['dbo:writer']]","['dbo:writer', 'dbp:writer']",factoid,"[[1148], [1148]]"
28,0.0,0.0,0.0,13,2,1,Under which US president was a politician in opposition of John G Schmitz?,"[['dbp:opponent'], ['dbo:incumbent']]",['dbo:opponent'],factoid,0.0,0.0,0.0,13,2,1,"[['dbp:opponent'], ['dbo:incumbent']]",['dbo:leaderName'],factoid,"[[2], [4]]"
29,0.5,0.5,0.5,12,2,2,What is the television show whose channel's parent organisation is Fox Sports?,"[['dbo:channel'], ['dbo:parentOrganisation']]","['dbo:network', 'dbo:parentOrganisation']",factoid,0.0,0.0,0.0,12,2,1,"[['dbo:channel'], ['dbo:parentOrganisation']]",['dbo:network'],factoid,"[[8], [10]]"
30,0.0,0.0,0.0,9,1,1,which california theme park is mickey's toontown located in?,[['dbp:park']],['dbo:location'],factoid,0.0,0.0,0.0,9,1,1,[['dbp:park']],['dbo:location'],factoid,[[2]]
31,0.0,0.0,0.0,5,1,1,where did kwan shan die?,[['dbp:deathPlace']],['dbo:deathPlace'],factoid,0.0,0.0,0.0,5,1,1,[['dbp:deathPlace']],['dbo:deathPlace'],factoid,[[178]]
32,0.0,0.0,0.0,6,1,1,Which country is martin lel from,[['dbo:nationality']],['dbo:birthPlace'],factoid,0.0,0.0,0.0,6,1,1,[['dbo:nationality']],['dbo:birthPlace'],factoid,[[266]]
33,0.0,0.0,0.0,5,1,1,Where did davie banda die,[['dbo:birthPlace']],['dbo:deathPlace'],factoid,0.0,0.0,0.0,5,1,1,[['dbo:birthPlace']],['dbo:deathPlace'],factoid,[[4201]]
34,0.0,0.0,0.0,13,1,1,"Was Francisco Pizarro of the monarch of Charles 5, of the roman empire?",[['dbo:monarch']],['dbo:parent'],boolean,0.0,0.0,0.0,13,1,1,[['dbo:monarch']],['dbo:capital'],boolean,[[5]]
35,0.0,0.0,0.0,11,2,2,What awards were presented to the person who produced Paradise place?,"[['dbp:producer'], ['dbp:awards']]","['dbo:award', 'dbo:producer']",factoid,0.0,0.0,0.0,11,2,2,"[['dbp:producer'], ['dbp:awards']]","['dbo:award', 'dbo:producer']",factoid,"[[24], [50]]"
36,0.0,0.0,0.0,14,2,2,What is the information appliance whose successor is PlayStation 4 and maker is Foxconn?,"[['dbp:manufacturer'], ['dbp:successor']]","['dbo:manufacturer', 'dbo:successor']",factoid,0.0,0.0,0.0,14,2,1,"[['dbp:manufacturer'], ['dbp:successor']]",['dbo:successor'],factoid,"[[6], [34]]"
37,0.0,0.0,0.0,7,1,1,which film did bertolt brecht contribute to?,[['dbo:writer']],['dbo:musicComposer'],factoid,0.0,0.0,0.0,7,1,1,[['dbo:writer']],['dbo:musicComposer'],factoid,[[1148]]
38,0.0,0.0,0.0,10,1,1,What are the names of books written by george orwell?,[['dbo:literaryGenre']],['dbo:author'],factoid,0.0,0.0,0.0,10,1,1,[['dbo:literaryGenre']],['dbo:author'],factoid,[[750]]
39,0.0,0.0,0.0,5,1,2,what anime aired in 1968?,[['dbo:language']],"['dbo:genre', 'dbp:genre']",factoid,0.0,0.0,0.0,5,1,1,[['dbo:language']],['dbp:genre'],factoid,[[520]]
40,0.0,0.0,0.0,8,1,1,what is an work created by jack mcduff,[['dbo:artist']],['dbo:author'],factoid,0.0,0.0,0.0,8,1,1,[['dbo:artist']],['dbo:creator'],factoid,[[1147]]
41,0.0,0.0,0.0,12,2,1,What are some team members of the team based in Camp Nou?,"[['dbo:homeStadium'], ['dbp:name']]",['dbo:team'],factoid,0.0,0.0,0.0,12,2,1,"[['dbo:homeStadium'], ['dbp:name']]",['dbo:locationCity'],factoid,"[[11], [18]]"
42,0.0,0.0,0.0,6,1,1,what religion does maria alexandrovna follow,[['dbp:religion']],['dbo:religion'],factoid,0.0,0.0,0.0,6,1,1,[['dbp:religion']],['dbo:religion'],factoid,[[78]]
43,0.0,0.0,0.0,9,1,1,How many people are buried in Arlington National Cemetery?,[['dbp:placeofburial']],['dbo:restingPlace'],count,0.0,0.0,0.0,9,1,1,[['dbp:placeofburial']],['dbo:restingPlace'],count,[[8]]
44,0.0,0.0,0.0,5,2,1,Starwood operates in which places?,"[['dbp:operator'], ['dbp:address']]",['dbo:operator'],list,0.0,0.0,0.0,5,2,1,"[['dbp:operator'], ['dbp:address']]",['dbo:city'],list,"[[11], [11]]"
45,0.0,0.0,0.0,5,1,1,Where is mc harvey from?,[['dbo:birthPlace']],['dbo:hometown'],factoid,0.0,0.0,0.0,5,1,1,[['dbo:birthPlace']],['dbo:hometown'],factoid,[[4201]]
46,0.0,0.0,0.0,5,1,1,How did grigori rasputin die?,[['dbo:deathCause']],['dbo:deathPlace'],factoid,0.0,0.0,0.0,5,1,1,[['dbo:deathCause']],['dbo:deathPlace'],factoid,[[319]]
47,0.5,0.5,0.5,17,2,2,List the pole drivers in the grand prixes where Williams Grand Prix Engineering was a first team?,"[['dbp:firstTeam'], ['dbo:poleDriver']]","['dbo:firstDriver', 'dbo:poleDriver']",list,0.0,0.0,0.0,17,2,1,"[['dbp:firstTeam'], ['dbo:poleDriver']]",['dbp:race'],list,"[[8], [6]]"
48,0.0,0.0,0.0,7,1,1,Was Morrissey a member of the Smiths?,[['dbo:formerBandMember']],['dbo:bandMember'],boolean,0.0,0.0,0.0,7,1,1,[['dbo:formerBandMember']],['dbo:bandMember'],boolean,[[10]]
49,0.0,0.0,0.0,12,2,1,List the things for which people of New Orleans are famous for?,"[['dbp:placeOfBirth'], ['dbp:knownFor']]",['dbo:knownFor'],list,0.0,0.0,0.0,12,2,1,"[['dbp:placeOfBirth'], ['dbp:knownFor']]",['dbo:knownFor'],list,"[[41], [20]]"
50,0.0,0.0,0.0,10,1,1,What is the country whose leader name is Grard Larcher?,[['dbp:leaderName']],['dbo:leader'],factoid,0.0,0.0,0.0,10,1,1,[['dbp:leaderName']],['dbo:leader'],factoid,[[13]]
51,0.0,0.0,0.0,9,1,1,What is the debut team of ngel Escobar ?,[['dbp:debutteam']],['dbo:debutTeam'],factoid,0.0,0.0,0.0,9,1,1,[['dbp:debutteam']],['dbo:debutTeam'],factoid,[[21]]
52,0.0,0.0,0.0,5,1,1,what is pato bantons nationality,[['dbo:hometown']],['dbo:birthPlace'],factoid,0.0,0.0,0.0,5,1,1,[['dbo:hometown']],['dbo:birthPlace'],factoid,[[505]]
53,0.0,0.0,0.0,3,1,1,who wrote showdown?,[['dbo:author']],['dbo:writer'],factoid,0.0,0.0,0.0,3,1,1,[['dbo:author']],['dbo:writer'],factoid,[[426]]
54,0.0,0.0,0.0,6,1,1,Where does lord wind hail from?,[['dbo:birthPlace']],['dbo:hometown'],factoid,0.0,0.0,0.0,6,1,1,[['dbo:birthPlace']],['dbo:hometown'],factoid,[[4201]]
55,0.0,0.0,0.0,13,1,1,Is Another Lonely Night in New York by the musical band Robin Gibb?,[['dbo:musicalBand']],['dbo:associatedBand'],boolean,0.0,0.0,0.0,13,1,1,[['dbo:musicalBand']],['dbo:associatedBand'],boolean,[[10]]
56,0.0,0.0,0.0,6,1,2,Which country is greg demos from,[['dbo:nationality']],"['dbo:country', 'dbo:hometown']",factoid,0.0,0.0,0.0,6,1,1,[['dbo:nationality']],['dbo:artist'],factoid,[[266]]
57,0.0,0.0,0.0,8,1,1,which ivy league university did ezra cornell create,[['dbo:foundedBy']],['dbo:creator'],factoid,0.0,0.0,0.0,8,1,1,[['dbo:foundedBy']],['dbo:architect'],factoid,[[73]]
58,0.0,0.0,0.0,15,2,1,What is the person known for who is the movie director of Sleepy-Time Squirrel ?,"[['dbp:director'], ['dbo:knownFor']]",['dbo:director'],factoid,0.0,0.0,0.0,15,2,1,"[['dbp:director'], ['dbo:knownFor']]",['dbo:director'],factoid,"[[19], [40]]"
59,0.0,0.0,0.0,6,1,1,which religion does anaukpetlun primarily practice,[['dbp:religion']],['dbo:religion'],factoid,0.0,0.0,0.0,6,1,1,[['dbp:religion']],['dbo:religion'],factoid,[[78]]
60,0.0,0.0,0.0,22,2,2,Name the company whose one of the product is Pixar Image Computer and has one of the key person as Edwin Catmull?,"[['dbo:keyPerson'], ['dbo:product']]","['dbp:keyPeople', 'dbp:products']",list,0.0,0.0,0.0,22,2,1,"[['dbo:keyPerson'], ['dbo:product']]",['dbp:products'],list,"[[17], [29]]"
61,0.0,0.0,0.0,7,1,1,which album is created by rod stewart,[['dbo:type']],['dbo:recordLabel'],factoid,0.0,0.0,0.0,7,1,1,[['dbo:type']],['dbo:artist'],factoid,[[1160]]
62,0.0,0.0,0.0,9,1,1,What are the awrds won by Laemmle Theatres ?,[['dbo:service']],['dbp:awards'],factoid,0.0,0.0,0.0,9,1,1,[['dbo:service']],['dbp:awards'],factoid,[[9]]
63,0.0,0.0,0.0,7,1,1,How much carbs does peanut butter have?,[['dbp:carbs']],['dbo:ingredient'],factoid,0.0,0.0,0.0,7,1,1,[['dbp:carbs']],['dbo:ingredient'],factoid,[[1]]
64,0.0,0.0,0.0,13,2,1,Who are the relatives of the character after which Quagmire's Quagmire was made?,"[['dbo:subsequentWork'], ['dbo:relative']]",['dbo:creator'],factoid,0.0,0.0,0.0,13,2,1,"[['dbo:subsequentWork'], ['dbo:relative']]",['dbp:relatives'],factoid,"[[31], [22]]"
65,0.0,0.0,0.0,19,2,1,"Of all the teams that Andrew Economos played for, which one did Jerrel Jackson play his first game for?","[['dbo:formerTeam'], ['dbo:debutTeam']]",['dbp:debutteam'],list,0.0,0.0,0.0,19,2,1,"[['dbo:formerTeam'], ['dbo:debutTeam']]",['dbo:team'],list,"[[36], [20]]"
66,0.0,0.0,0.0,12,2,1,Which governor of Charles Willing had a child named John Scott ?,"[['dbo:child'], ['dbo:governor']]",['dbp:children'],factoid,0.0,0.0,0.0,12,2,1,"[['dbo:child'], ['dbo:governor']]",['dbp:children'],factoid,"[[150], [7]]"
67,0.0,0.0,0.0,7,1,1,what is don stenberg's country of origin?,[['dbo:birthPlace']],['dbo:hometown'],factoid,0.0,0.0,0.0,7,1,1,[['dbo:birthPlace']],['dbo:nationality'],factoid,[[4201]]
68,0.0,0.0,0.0,9,1,1,Give me all breeds of the German Shepherd dog.,[['dbp:breed']],['dbp:mascot'],list,0.0,0.0,0.0,9,1,1,[['dbp:breed']],['dbo:species'],list,[[1]]
69,0.0,0.0,0.0,7,1,1,what is lu xuechang's place of birth?,[['dbp:birthPlace']],['dbo:birthPlace'],factoid,0.0,0.0,0.0,7,1,1,[['dbp:birthPlace']],['dbo:birthPlace'],factoid,[[1526]]
70,0.0,0.0,0.0,4,1,1,Where was harold theobald,[['dbo:birthPlace']],['dbo:district'],factoid,0.0,0.0,0.0,4,1,1,[['dbo:birthPlace']],['dbo:deathPlace'],factoid,[[4201]]
71,0.0,0.0,0.0,5,1,1,what genre is tam lin?,[['dbo:literaryGenre']],['dbo:genre'],factoid,0.0,0.0,0.0,5,1,1,[['dbo:literaryGenre']],['dbo:genre'],factoid,[[750]]
72,0.0,0.0,0.0,7,1,1,What is the successor of PlayStation 4,[['dbp:successor']],['dbo:successor'],factoid,0.0,0.0,0.0,7,1,1,[['dbp:successor']],['dbo:successor'],factoid,[[34]]
73,0.0,0.0,0.0,8,2,1,Where are jockeys in Dubai World Cup from?,"[['dbo:race'], ['dbp:birthPlace']]",['dbo:country'],factoid,0.0,0.0,0.0,8,2,1,"[['dbo:race'], ['dbp:birthPlace']]",['dbo:nationality'],factoid,"[[6], [1526]]"
74,0.0,0.0,0.0,7,1,1,which european nation does nembrionic belong to?,[['dbo:hometown']],['dbo:birthPlace'],factoid,0.0,0.0,0.0,7,1,1,[['dbo:hometown']],['dbo:nationality'],factoid,[[505]]
75,0.0,0.0,0.0,13,2,1,Where is the tombstone of the congressman who died in the McLean hospital?,"[['dbo:deathPlace'], ['dbp:restingplace']]",['dbo:restingPlace'],factoid,0.0,0.0,0.0,13,2,1,"[['dbo:deathPlace'], ['dbp:restingplace']]",['dbo:restingPlace'],factoid,"[[1213], [25]]"
76,0.0,0.0,0.0,5,1,1,which group released nuclear blast,[['dbo:recordLabel']],['dbo:publisher'],factoid,0.0,0.0,0.0,5,1,1,[['dbo:recordLabel']],['dbo:hometown'],factoid,[[880]]
77,0.0,0.0,0.0,11,2,1,What is the deathplace of people who have worked in Ethics?,"[['dbp:mainInterests'], ['dbp:placeOfDeath']]",['dbp:deathPlace'],factoid,0.0,0.0,0.0,11,2,1,"[['dbp:mainInterests'], ['dbp:placeOfDeath']]",['dbp:fields'],factoid,"[[14], [32]]"
78,0.0,0.0,0.0,10,2,1,In which municipalities does the NYC housing authority own buildings?,"[['dbo:owningOrganisation'], ['dbo:municipality']]",['dbo:location'],factoid,0.0,0.0,0.0,10,2,1,"[['dbo:owningOrganisation'], ['dbo:municipality']]",['dbo:tenant'],factoid,"[[9], [9]]"
79,0.0,0.0,0.0,9,2,1,How many years was the Ford Model T manufactured?,"[['dbo:productionEndYear'], ['dbo:productionStartYear']]",['dbo:manufacturer'],count,0.0,0.0,0.0,9,2,1,"[['dbo:productionEndYear'], ['dbo:productionStartYear']]",['dbo:manufacturer'],count,"[[1], [1]]"
80,0.0,0.0,0.0,5,1,1,where was saraswathi gora born?,[['dbo:nationality']],['dbo:birthPlace'],factoid,0.0,0.0,0.0,5,1,1,[['dbo:nationality']],['dbo:birthPlace'],factoid,[[266]]
81,0.0,0.0,0.0,6,1,1,where is el condor pasa from,[['dbo:country']],['dbo:birthPlace'],factoid,0.0,0.0,0.0,6,1,1,[['dbo:country']],['dbo:hometown'],factoid,[[2554]]
82,0.0,0.0,0.0,6,1,1,what language is kaffe written in?,[['dbo:programmingLanguage']],['dbo:language'],factoid,0.0,0.0,0.0,6,1,1,[['dbo:programmingLanguage']],['dbo:language'],factoid,[[15]]
83,0.0,0.0,0.0,8,1,1,Which baseball team is owned by Robert Nutting?,[['dbp:owner']],['dbo:position'],factoid,0.0,0.0,0.0,8,1,1,[['dbp:owner']],['dbo:owner'],factoid,[[51]]
84,0.0,0.0,0.0,6,1,1,When was Alberta admitted as province?,[['dbp:admittancedate']],['dbo:province'],factoid,0.0,0.0,0.0,6,1,1,[['dbp:admittancedate']],['dbo:capital'],factoid,[[2]]
85,0.0,0.0,0.0,8,1,1,Which country did anthony acid have nationality in,[['dbo:hometown']],['dbo:nationality'],factoid,0.0,0.0,0.0,8,1,1,[['dbo:hometown']],['dbo:birthPlace'],factoid,[[505]]
86,0.0,0.0,0.0,10,1,1,President of Ghana is the leader title of which country?,[['dbp:leaderTitle']],['dbo:leader'],list,0.0,0.0,0.0,10,1,1,[['dbp:leaderTitle']],['dbo:leader'],list,[[5]]
87,0.0,0.0,0.0,11,2,1,Where does the network cofounded by Seewoosagur Ramgoolam air its shows?,"[['dbp:founder'], ['dbp:broadcastArea']]",['dbo:foundedBy'],factoid,0.0,0.0,0.0,11,2,1,"[['dbp:founder'], ['dbp:broadcastArea']]",['dbp:company'],factoid,"[[25], [11]]"
88,0.0,0.0,0.0,18,2,1,"Who  has these major shrines  : Emmitsburg, Maryland and Shrine of St. Elizabeth Ann Bayley Seton?","[['dbo:majorShrine'], ['dbo:majorShrine']]",['dbp:majorShrine'],factoid,0.0,0.0,0.0,18,2,1,"[['dbo:majorShrine'], ['dbo:majorShrine']]",['dbo:location'],factoid,"[[6], [6]]"
89,0.0,0.0,0.0,6,1,1,what country is rockingham county in?,"[['dbo:region', 'dbo:isPartOf', 'dbo:location']]",['dbo:country'],factoid,0.0,0.0,0.0,6,1,1,"[['dbo:region', 'dbo:isPartOf', 'dbo:location']]",['dbo:country'],factoid,"[[1153, 1891, 1670]]"
90,0.0,0.0,0.0,8,1,1,what city was the birthplace of denny sothern,[['dbp:birthPlace']],['dbo:birthPlace'],factoid,0.0,0.0,0.0,8,1,1,[['dbp:birthPlace']],['dbo:birthPlace'],factoid,[[1526]]
91,0.0,0.0,0.0,8,1,1,what is the nationality of thad h. brown,[['dbo:country']],['dbo:nationality'],factoid,0.0,0.0,0.0,8,1,1,[['dbo:country']],['dbo:nationality'],factoid,[[2554]]
92,0.0,0.0,0.0,9,1,1,which asian city showcasts the gloomy salad days program,[['dbo:country']],['dbo:genre'],factoid,0.0,0.0,0.0,9,1,1,[['dbo:country']],['dbp:genre'],factoid,[[2554]]
93,0.0,0.0,0.0,7,1,1,Who was on the Apollo 11 mission?,[['dbp:crewMembers']],['dbp:mission'],factoid,0.0,0.0,0.0,7,1,1,[['dbp:crewMembers']],['dbp:mission'],factoid,[[1]]
94,0.0,0.0,0.0,6,1,2,Which county is raynham located in,[['dbo:location']],"['dbo:country', 'dbo:isPartOf']",factoid,0.0,0.0,0.0,6,1,2,[['dbo:location']],"['dbo:country', 'dbo:isPartOf']",factoid,[[1670]]
95,0.0,0.0,0.0,13,2,1,Where is Tahual located which is also the country of Ren Romano ?,"[['dbp:citizenship'], ['dbp:location']]",['dbo:country'],factoid,0.0,0.0,0.0,13,2,1,"[['dbp:citizenship'], ['dbp:location']]",['dbo:country'],factoid,"[[7], [22]]"
96,0.0,0.0,0.0,11,1,1,what kind of comdey is not the end of the world,[['dbo:literaryGenre']],['dbo:type'],factoid,0.0,0.0,0.0,11,1,1,[['dbo:literaryGenre']],['dbo:genre'],factoid,[[750]]
97,0.0,0.0,0.0,6,1,1,what country is tom shapiro from,[['dbo:hometown']],['dbo:birthPlace'],factoid,0.0,0.0,0.0,6,1,1,[['dbo:hometown']],['dbo:birthPlace'],factoid,[[505]]
98,0.0,0.0,0.0,12,2,1,Which genre of books does the writer of The Many Hands write?,"[['dbp:author'], ['dbo:genre']]",['dbo:author'],factoid,0.0,0.0,0.0,12,2,1,"[['dbp:author'], ['dbo:genre']]",['dbo:literaryGenre'],factoid,"[[24], [5588]]"
99,0.0,0.0,0.0,8,1,1,what was eric wyndham white's place of birth,[['dbo:nationality']],['dbo:birthPlace'],factoid,0.0,0.0,0.0,8,1,1,[['dbo:nationality']],['dbo:birthPlace'],factoid,[[266]]
100,0.0,0.0,0.0,6,1,1,Where was Special 26 recorded ?,[['dbp:recorded']],['dbo:recordedIn'],factoid,0.0,0.0,0.0,6,1,1,[['dbp:recorded']],['dbo:country'],factoid,[[6]]
101,0.0,0.0,0.0,7,1,1,Name the university of Alexandre Tichonov ?,[['dbp:university']],['dbo:university'],list,0.0,0.0,0.0,7,1,1,[['dbp:university']],['dbo:university'],list,[[3]]
102,0.0,0.0,0.0,9,1,1,What is the location of the Houses of Parliament?,[['dbo:location']],['dbp:houses'],factoid,0.0,0.0,0.0,9,1,1,[['dbo:location']],['dbp:constituency'],factoid,[[1670]]
103,0.0,0.0,0.0,6,1,1,what state is johnny ross from,[['dbo:hometown']],['dbo:birthPlace'],factoid,0.0,0.0,0.0,6,1,1,[['dbo:hometown']],['dbo:birthPlace'],factoid,[[505]]
104,0.0,0.0,0.0,6,1,1,where was  andrzej pałys born,[['dbo:nationality']],['dbo:birthPlace'],factoid,0.0,0.0,0.0,6,1,1,[['dbo:nationality']],['dbo:birthPlace'],factoid,[[266]]
105,0.0,0.0,0.0,8,1,1,who was a coproducer of the trudell movie,[['dbo:cinematography']],['dbo:producer'],factoid,0.0,0.0,0.0,8,1,1,[['dbo:cinematography']],['dbo:producer'],factoid,[[124]]
106,0.0,0.0,0.0,7,1,1,what album was created by taro hakase,[['dbo:recordLabel']],['dbo:artist'],factoid,0.0,0.0,0.0,7,1,1,[['dbo:recordLabel']],['dbo:artist'],factoid,[[880]]
107,0.0,0.0,0.0,6,1,1,which genre is book of lightning,[['dbo:genre']],['dbo:literaryGenre'],factoid,0.0,0.0,0.0,6,1,1,[['dbo:genre']],['dbo:literaryGenre'],factoid,[[5588]]
108,0.0,0.0,0.0,10,2,1,whose is famous works are Maniac Magee and Wringer ?,"[['dbp:notableworks'], ['dbp:notableworks']]",['dbo:notableWork'],factoid,0.0,0.0,0.0,10,2,1,"[['dbp:notableworks'], ['dbp:notableworks']]",['dbo:notableWork'],factoid,"[[16], [16]]"
109,0.0,0.0,0.0,6,1,1,How many shows does HBO have?,[['dbo:company']],['dbp:genre'],count,0.0,0.0,0.0,6,1,1,[['dbo:company']],['dbo:network'],count,[[11]]
110,0.0,0.0,0.0,6,1,1,what river flows into lake chehaw,[['dbo:outflow']],['dbo:crosses'],factoid,0.0,0.0,0.0,6,1,1,[['dbo:outflow']],['dbo:riverMouth'],factoid,[[16]]
111,0.0,0.0,0.0,11,1,1,Name the language of I Love How You Love Me ?,[['dbp:language']],['dbo:language'],list,0.0,0.0,0.0,11,1,1,[['dbp:language']],['dbo:language'],list,[[12]]
112,0.0,0.0,0.0,8,1,1,"what high school is located in easton, pennsylvania","[['dbo:locatedInArea', 'dbo:city', 'dbo:location']]",['dbo:type'],factoid,0.0,0.0,0.0,8,1,1,"[['dbo:locatedInArea', 'dbo:city', 'dbo:location']]",['dbo:type'],factoid,"[[1072, 1218, 1670]]"
113,0.0,0.0,0.0,6,1,1,what was created by fred appleyard,[['dbo:field']],['dbo:creator'],factoid,0.0,0.0,0.0,6,1,1,[['dbo:field']],['dbo:creator'],factoid,[[83]]
114,0.0,0.0,0.0,9,1,1,what country in east-central Asia is pagamsuren altantulga from,[['dbo:birthPlace']],['dbo:nationality'],factoid,0.0,0.0,0.0,9,1,1,[['dbo:birthPlace']],['dbo:nationality'],factoid,[[4201]]
115,0.0,0.0,0.0,11,1,1,what is a piece of music has the philharmonia orchestra played?,[['dbo:artist']],['dbo:musicComposer'],factoid,0.0,0.0,0.0,11,1,1,[['dbo:artist']],['dbo:writer'],factoid,[[1147]]
116,0.5,0.5,0.5,8,2,2,List the colonel with branch as Militia ?,"[['dbp:branch'], ['dbp:rank']]","['dbo:militaryBranch', 'dbp:branch']",list,0.0,0.0,0.0,8,2,1,"[['dbp:branch'], ['dbp:rank']]",['dbo:militaryBranch'],list,"[[18], [6]]"
117,0.0,0.0,0.0,8,1,1,What musicians are signed up with colpix records?,[['dbp:label']],['dbo:recordLabel'],factoid,0.0,0.0,0.0,8,1,1,[['dbp:label']],['dbo:recordLabel'],factoid,[[33]]
118,0.0,0.0,0.0,8,1,1,Which models were featured in Playboy Playmates 1954?,[['dbp:succeeded']],['dbp:related'],factoid,0.0,0.0,0.0,8,1,1,[['dbp:succeeded']],['dbp:birthPlace'],factoid,[[1]]
119,0.0,0.0,0.0,15,2,1,Who are the people whose alumna is a part of the National Collegiate Athletic Association?,"[['dbo:athletics'], ['dbp:education']]",['dbo:almaMater'],factoid,0.0,0.0,0.0,15,2,1,"[['dbo:athletics'], ['dbp:education']]",['dbo:sport'],factoid,"[[10], [21]]"
120,0.0,0.0,0.0,5,1,1,Where is charles leclerc from,[['dbp:birthPlace']],['dbo:birthPlace'],factoid,0.0,0.0,0.0,5,1,1,[['dbp:birthPlace']],['dbo:nationality'],factoid,[[1526]]
121,0.0,0.0,0.0,8,1,1,What is the hometown of John Speraw ?,[['dbp:hometown']],['dbo:hometown'],factoid,0.0,0.0,0.0,8,1,1,[['dbp:hometown']],['dbo:hometown'],factoid,[[7]]
122,0.0,0.0,0.0,10,2,1,How many teams have someone playing at the defenceman position?,"[['dbo:team'], ['dbp:position']]",['dbo:position'],count,0.0,0.0,0.0,10,2,1,"[['dbo:team'], ['dbp:position']]",['dbo:position'],count,"[[46], [16]]"
123,0.0,0.0,0.0,8,1,1,When did the Boston Tea Party take place?,[['dbp:date']],['dbo:place'],factoid,0.0,0.0,0.0,8,1,1,[['dbp:date']],['dbo:place'],factoid,[[2]]
124,0.0,0.0,0.0,8,1,1,what is a work by donovan leitch (actor),[['dbo:director']],['dbo:writer'],factoid,0.0,0.0,0.0,8,1,1,[['dbo:director']],['dbo:writer'],factoid,[[607]]
125,0.0,0.0,0.0,6,1,1,where was yummy bingham born at?,[['dbo:hometown']],['dbo:birthPlace'],factoid,0.0,0.0,0.0,6,1,1,[['dbo:hometown']],['dbo:birthPlace'],factoid,[[505]]
126,0.0,0.0,0.0,9,1,1,what kind of music is on the film dogtown,[['dbo:musicComposer']],['dbo:genre'],factoid,0.0,0.0,0.0,9,1,1,[['dbo:musicComposer']],['dbo:genre'],factoid,[[304]]
127,0.0,0.0,0.0,6,2,1,What was the first Queen album?,"[['dbo:artist'], ['dbo:releaseDate']]",['dbo:type'],factoid,0.0,0.0,0.0,6,2,1,"[['dbo:artist'], ['dbo:releaseDate']]",['dbo:type'],factoid,"[[1147], [4]]"
128,0.0,0.0,0.0,12,1,1,When will start the final match of the football world cup 2018?,[['dbp:date']],['dbp:debutteam'],factoid,0.0,0.0,0.0,12,1,1,[['dbp:date']],['dbo:league'],factoid,[[2]]
129,0.0,0.0,0.0,6,1,2,which state is daviess county in?,[['dbo:isPartOf']],"['dbo:country', 'dbo:state']",factoid,0.0,0.0,0.0,6,1,2,[['dbo:isPartOf']],"['dbo:country', 'dbo:state']",factoid,[[1891]]
130,0.0,0.0,0.0,16,2,1,Daniel L D Granger and Job Durfee have based their political career in which US state?,"[['dbp:state'], ['dbp:state']]",['dbo:location'],list,0.0,0.0,0.0,16,2,1,"[['dbp:state'], ['dbp:state']]",['dbo:occupation'],list,"[[21], [21]]"
131,0.0,0.0,0.0,9,1,1,which category is the romulan way often put under,[['dbo:literaryGenre']],['dbo:genre'],factoid,0.0,0.0,0.0,9,1,1,[['dbo:literaryGenre']],['dbo:genre'],factoid,[[750]]
132,0.0,0.0,0.0,6,1,1,what type of genre is ubik?,[['dbo:literaryGenre']],['dbo:genre'],factoid,0.0,0.0,0.0,6,1,1,[['dbo:literaryGenre']],['dbo:genre'],factoid,[[750]]
133,0.0,0.0,0.0,9,1,1,arad county  has what river running through it,"[['dbo:region', 'dbo:isPartOf', 'dbo:location']]",['dbo:country'],factoid,0.0,0.0,0.0,9,1,1,"[['dbo:region', 'dbo:isPartOf', 'dbo:location']]",['dbo:country'],factoid,"[[1153, 1891, 1670]]"
134,0.0,0.0,0.0,5,1,1,What nationality is Shizuka Kuda?,[['dbo:hometown']],['dbo:nationality'],factoid,0.0,0.0,0.0,5,1,1,[['dbo:hometown']],['dbo:nationality'],factoid,[[505]]
135,0.0,0.0,0.0,13,2,1,"In which ice hockey league, did the team coached by Joel Quenneville win?","[['dbp:champion'], ['dbp:headCoach']]",['dbo:coach'],factoid,0.0,0.0,0.0,13,2,1,"[['dbp:champion'], ['dbp:headCoach']]",['dbo:coach'],factoid,"[[6], [7]]"
136,0.0,0.0,0.0,7,1,1,What was the nationality of ku hye-sun?,[['dbo:nationality']],['dbo:birthPlace'],factoid,0.0,0.0,0.0,7,1,1,[['dbo:nationality']],['dbo:birthPlace'],factoid,[[266]]
137,0.0,0.0,0.0,6,1,1,Gregg Toland cinematographed how many things?,[['dbo:cinematography']],['dbp:cinematography'],count,0.0,0.0,0.0,6,1,1,[['dbo:cinematography']],['dbp:cinematography'],count,[[124]]
138,0.5,0.5,0.5,13,2,2,How many movies were directed by the graduate of Burbank High School ?,"[['dbp:director'], ['dbp:education']]","['dbo:director', 'dbp:director']",count,0.0,0.0,0.0,13,2,1,"[['dbp:director'], ['dbp:education']]",['dbo:director'],count,"[[19], [21]]"
139,0.0,0.0,0.0,6,1,1,what is the format of warm,[['dbo:programmeFormat']],['dbo:type'],factoid,0.0,0.0,0.0,6,1,1,[['dbo:programmeFormat']],['dbo:type'],factoid,[[100]]
140,0.0,0.0,0.0,7,1,1,whats the nationality of  kristýna plíšková,[['dbo:country']],['dbo:nationality'],factoid,0.0,0.0,0.0,7,1,1,[['dbo:country']],['dbo:birthPlace'],factoid,[[2554]]
141,0.0,0.0,0.0,10,1,1,Name the movies writtten by the group Monty Python ?,[['dbp:writer']],['dbp:director'],list,0.0,0.0,0.0,10,1,1,[['dbp:writer']],['dbp:starring'],list,[[61]]
142,0.0,0.0,0.0,6,1,1,Which school did Robbie Diack attend?,[['dbp:school']],['dbo:education'],factoid,0.0,0.0,0.0,6,1,1,[['dbp:school']],['dbp:education'],factoid,[[4]]
143,0.0,0.0,0.0,7,1,1,what kind of album is dexter blows,[['dbo:type']],['dbo:genre'],factoid,0.0,0.0,0.0,7,1,1,[['dbo:type']],['dbo:genre'],factoid,[[1160]]
144,0.0,0.0,0.0,8,1,1,what county is fort randall a part of,[['dbo:location']],['dbo:country'],factoid,0.0,0.0,0.0,8,1,2,[['dbo:location']],"['dbo:country', 'dbo:isPartOf']",factoid,[[1670]]
145,0.0,0.0,0.0,7,1,1,clodagh rodgers was born in what town,[['dbo:hometown']],['dbo:birthPlace'],factoid,0.0,0.0,0.0,7,1,1,[['dbo:hometown']],['dbo:birthPlace'],factoid,[[505]]
146,0.0,0.0,0.0,6,1,1,Which religion does antun saadeh follow?,[['dbp:religion']],['dbo:religion'],factoid,0.0,0.0,0.0,6,1,1,[['dbp:religion']],['dbo:religion'],factoid,[[78]]
147,0.0,0.0,0.0,7,1,1,List the institute of Robert hall ?,[['dbo:institution']],['dbo:campus'],list,0.0,0.0,0.0,7,1,1,[['dbo:institution']],['dbo:almaMater'],list,[[17]]
148,0.0,0.0,0.0,7,1,1,What is the nationality of irina shayk,[['dbo:nationality']],['dbo:birthPlace'],factoid,0.0,0.0,0.0,7,1,1,[['dbo:nationality']],['dbo:birthPlace'],factoid,[[266]]
149,0.0,0.0,0.0,5,1,1,where was john digiorgio born?,[['dbp:birthPlace']],['dbo:birthPlace'],factoid,0.0,0.0,0.0,5,1,1,[['dbp:birthPlace']],['dbo:birthPlace'],factoid,[[1526]]
150,0.0,0.0,0.0,7,1,1,what is a work by memphis minnie,[['dbo:artist']],['dbo:writer'],factoid,0.0,0.0,0.0,7,1,1,[['dbo:artist']],['dbo:writer'],factoid,[[1147]]
151,0.0,0.0,0.0,10,1,1,Name an architect famous for the sever hall in Massachusetts.,[['dbo:architect']],['dbp:architect'],list,0.0,0.0,0.0,10,1,1,[['dbo:architect']],['dbo:location'],list,[[43]]
152,0.0,0.0,0.0,12,2,1,Which awards has been given to both michel hazanavicius and geoffrey rush?,"[['dbp:awards'], ['dbp:awards']]",['dbo:award'],factoid,0.5,0.5,0.5,12,2,2,"[['dbp:awards'], ['dbp:awards']]","['dbo:award', 'dbp:awards']",factoid,"[[50], [50]]"
153,0.0,0.0,0.0,7,1,1,where does 96.3 real radio xs reach,[['dbo:broadcastArea']],['dbo:location'],factoid,0.0,0.0,0.0,7,1,1,[['dbo:broadcastArea']],['dbo:country'],factoid,[[48]]
154,0.0,0.0,0.0,14,2,1,Which river's source mountain is Baikal Mountains and is located in Laptev Sea ?,"[['dbo:sourceMountain'], ['dbp:mouthLocation']]",['dbo:source'],factoid,0.0,0.0,0.0,14,2,1,"[['dbo:sourceMountain'], ['dbp:mouthLocation']]",['dbo:outflow'],factoid,"[[11], [14]]"
155,0.0,0.0,0.0,6,1,1,which country is aliff aziz from,[['dbo:hometown']],['dbo:birthPlace'],factoid,0.0,0.0,0.0,6,1,1,[['dbo:hometown']],['dbo:birthPlace'],factoid,[[505]]
156,0.0,0.0,0.0,9,1,1,How many states does the Pioneer corporation operate in?,[['dbp:country']],['dbo:state'],count,0.0,0.0,0.0,9,1,1,[['dbp:country']],['dbo:location'],count,[[18]]
157,0.0,0.0,0.0,5,1,1,What is Jacek Boucki's nationality?,[['dbo:nationality']],['dbo:birthPlace'],factoid,0.0,0.0,0.0,5,1,1,[['dbo:nationality']],['dbo:birthPlace'],factoid,[[266]]
158,0.0,0.0,0.0,6,1,1,which company produced kissing a fool,[['dbo:distributor']],['dbp:studio'],factoid,0.0,0.0,0.0,6,1,1,[['dbo:distributor']],['dbp:studio'],factoid,[[119]]
159,0.0,0.0,0.0,13,1,1,Did Hank Williams Jr. make Early in the Morning and Late at Night?,[['dbo:musicalArtist']],['dbp:birthPlace'],boolean,0.0,0.0,0.0,13,1,1,[['dbo:musicalArtist']],['dbo:associatedBand'],boolean,[[23]]
160,0.0,0.0,0.0,7,1,1,in what country is high knob located,[['dbo:locatedInArea']],['dbo:country'],factoid,0.0,0.0,0.0,7,1,2,[['dbo:locatedInArea']],"['dbo:country', 'dbo:isPartOf']",factoid,[[1072]]
161,0.0,0.0,0.0,14,2,1,List the leaders of all the cities through which the Ganga river flows ?,"[['dbp:city'], ['dbo:leaderName']]",['dbo:leader'],list,0.0,0.0,0.0,14,2,1,"[['dbp:city'], ['dbo:leaderName']]",['dbp:cities'],list,"[[28], [25]]"
162,0.0,0.0,0.0,9,1,1,who wrote i hope they serve beer in hell,[['dbo:author']],['dbo:writer'],factoid,0.0,0.0,0.0,9,1,1,[['dbo:author']],['dbo:writer'],factoid,[[426]]
163,0.0,0.0,0.0,9,1,1,What is the city whose mayor is Giorgos Kaminis?,[['dbp:mayor']],['dbo:mayor'],factoid,0.0,0.0,0.0,9,1,1,[['dbp:mayor']],['dbo:leaderName'],factoid,[[5]]
164,0.0,0.0,0.0,7,1,1,what is the nationality of guri schanke?,[['dbo:hometown']],['dbo:birthPlace'],factoid,0.0,0.0,0.0,7,1,1,[['dbo:hometown']],['dbo:nationality'],factoid,[[505]]
165,0.0,0.0,0.0,9,2,1,Who collaborated with Johnny Cash and Kris Kristofferson ?,"[['dbp:associatedActs'], ['dbp:associatedActs']]",['dbo:associatedMusicalArtist'],factoid,0.0,0.0,0.0,9,2,1,"[['dbp:associatedActs'], ['dbp:associatedActs']]",['dbo:associatedMusicalArtist'],factoid,"[[19], [19]]"
166,0.0,0.0,0.0,11,1,1,Was Michael Schumacher the Pole driver of 1994 Spanish Grand Prix?,[['dbp:poleDriver']],['dbp:firstDriver'],boolean,0.0,0.0,0.0,11,1,1,[['dbp:poleDriver']],['dbo:poleDriver'],boolean,[[4]]
167,0.0,0.0,0.0,13,2,1,"Where is the assembly of Plymouth Savoy, and where Special 26 was recorded?","[['dbo:assembly'], ['dbp:recorded']]",['dbo:recordedIn'],factoid,0.0,0.0,0.0,13,2,1,"[['dbo:assembly'], ['dbp:recorded']]",['dbp:headquarters'],factoid,"[[7], [6]]"
168,0.0,0.0,0.0,6,1,1,Where was Al-Muzaffar Umar buried ?,[['dbp:placeOfBurial']],['dbo:restingPlace'],factoid,0.0,0.0,0.0,6,1,1,[['dbp:placeOfBurial']],['dbo:restingPlace'],factoid,[[17]]
169,0.0,0.0,0.0,14,2,1,Give me the name of the organization hqed at  Chaeng Watthana Govt Complex?,"[['dbo:headquarter'], ['dbp:agencyName']]",['dbo:sport'],list,0.0,0.0,0.0,14,2,1,"[['dbo:headquarter'], ['dbp:agencyName']]",['dbp:headquarters'],list,"[[73], [4]]"
170,0.0,0.0,0.0,6,1,2,which actor was born in israel?,[['dbo:occupation']],"['dbo:birthPlace', 'dbp:birthPlace']",factoid,0.0,0.0,0.0,6,1,2,[['dbo:occupation']],"['dbo:birthPlace', 'dbp:birthPlace']",factoid,[[629]]
171,0.0,0.0,0.0,6,1,2,what city is torre latinoamericana in?,[['dbo:location']],"['dbo:country', 'dbo:region']",factoid,0.0,0.0,0.0,6,1,1,[['dbo:location']],['dbo:country'],factoid,[[1670]]
172,0.0,0.0,0.0,7,1,1,Who was the narrator in the point?,[['dbp:narrated']],['dbo:writer'],factoid,0.0,0.0,0.0,7,1,1,[['dbp:narrated']],['dbo:editing'],factoid,[[12]]
173,0.0,0.0,0.0,8,1,1,Who's an actress that worked at blandford cemetery,[['dbo:restingPlace']],['dbo:occupation'],factoid,0.0,0.0,0.0,8,1,1,[['dbo:restingPlace']],['dbo:occupation'],factoid,[[95]]
174,0.0,0.0,0.0,8,1,1,where in somalia is mohammed awale liban from,[['dbo:birthPlace']],['dbo:country'],factoid,0.0,0.0,0.0,8,1,1,[['dbo:birthPlace']],['dbo:nationality'],factoid,[[4201]]
175,0.0,0.0,0.0,13,1,1,Which political party got elected in First Legislative Assembly of Uttar Pradesh ?,[['dbp:children']],['dbp:party'],factoid,0.0,0.0,0.0,13,1,1,[['dbp:children']],['dbo:party'],factoid,[[33]]
176,0.0,0.0,0.0,14,2,1,What awards have been given to people schooled in the Everton park state high?,"[['dbp:education'], ['dbp:awards']]",['dbo:award'],factoid,0.0,0.0,0.0,14,2,1,"[['dbp:education'], ['dbp:awards']]",['dbo:award'],factoid,"[[21], [50]]"
177,0.0,0.0,0.0,10,1,2,in which country is the coastal city of oda located,[['dbo:region']],"['dbo:country', 'dbo:isPartOf']",factoid,0.0,0.0,0.0,10,1,2,[['dbo:region']],"['dbo:country', 'dbo:isPartOf']",factoid,[[1153]]
178,0.0,0.0,0.0,6,1,1,which country is harry jeffra from,[['dbo:nationality']],['dbo:birthPlace'],factoid,0.0,0.0,0.0,6,1,1,[['dbo:nationality']],['dbo:birthPlace'],factoid,[[266]]
179,0.0,0.0,0.0,11,2,1,"What region was Gloria Schaffer born in, which also contains Newington?","[['dbp:birthPlace'], ['dbo:isPartOf']]",['dbo:region'],factoid,0.0,0.0,0.0,11,2,1,"[['dbp:birthPlace'], ['dbo:isPartOf']]",['dbo:birthPlace'],factoid,"[[1526], [1891]]"
180,0.0,0.0,0.0,6,1,1,What position does Lee Robinson play?,[['dbp:currentpositionplain']],['dbo:position'],factoid,0.0,0.0,0.0,6,1,1,[['dbp:currentpositionplain']],['dbo:position'],factoid,[[12]]
181,0.0,0.0,0.0,7,1,1,what is a work by edward stratemeyer,[['dbo:notableWork']],['dbo:writer'],factoid,0.0,0.0,0.0,7,1,1,[['dbo:notableWork']],['dbo:author'],factoid,[[92]]
182,0.0,0.0,0.0,13,2,1,What is the city nearest to the islands in the Northwestern Hawaiian Islands?,"[['dbp:archipelago'], ['dbp:nearestCity']]",['dbo:nearestCity'],factoid,0.0,0.0,0.0,13,2,1,"[['dbp:archipelago'], ['dbp:nearestCity']]",['dbo:nearestCity'],factoid,"[[9], [9]]"
183,0.0,0.0,0.0,9,1,1,Did Kaurismäki ever win the Grand Prix at Cannes?,[['dbo:award']],['dbo:religion'],boolean,0.0,0.0,0.0,9,1,1,[['dbo:award']],['dbo:honours'],boolean,[[67]]
184,0.0,0.0,0.0,7,1,1,What film did alfred uhry contribute to?,[['dbo:writer']],['dbo:musicComposer'],factoid,0.0,0.0,0.0,7,1,1,[['dbo:writer']],['dbo:musicComposer'],factoid,[[1148]]
185,0.0,0.0,0.0,6,1,1,what types of play is geist,[['dbp:modes']],['dbo:genre'],factoid,0.0,0.0,0.0,6,1,1,[['dbp:modes']],['dbo:genre'],factoid,[[265]]
186,0.0,0.0,0.0,8,1,1,what city in Italy is marlene kuntz from,[['dbo:hometown']],['dbo:birthPlace'],factoid,0.0,0.0,0.0,8,1,1,[['dbo:hometown']],['dbo:birthPlace'],factoid,[[505]]
187,0.0,0.0,0.0,3,1,1,who wrote decadence,[['dbo:writer']],['dbo:author'],factoid,0.0,0.0,0.0,3,1,1,[['dbo:writer']],['dbo:author'],factoid,[[1148]]
188,0.0,0.0,0.0,10,1,1,Which universities are also known as the Tulane Green wave?,[['dbp:nickname']],['dbo:knownFor'],factoid,0.0,0.0,0.0,10,1,1,[['dbp:nickname']],['dbp:athletics'],factoid,[[19]]
189,0.0,0.0,0.0,9,1,1,who produced the adventures of tom thumb and thumbelina,[['dbp:studio']],['dbo:producer'],factoid,0.0,0.0,0.0,9,1,1,[['dbp:studio']],['dbo:producer'],factoid,[[136]]
190,0.0,0.0,0.0,11,2,1,What is the common genere of Abhijit Kunte and Kasparov ?,"[['dbp:knownFor'], ['dbo:genre']]",['dbo:region'],factoid,0.0,0.0,0.0,11,2,1,"[['dbp:knownFor'], ['dbo:genre']]",['dbo:species'],factoid,"[[20], [5588]]"
191,0.0,0.0,0.0,10,1,1,In which company is Raymond Conner at an important position?,[['dbo:keyPerson']],['dbp:keyPeople'],factoid,0.0,0.0,0.0,10,1,1,[['dbo:keyPerson']],['dbp:keyPeople'],factoid,[[17]]
192,0.0,0.0,0.0,10,1,1,Who are the people whose phD advisor was Harry Harlow?,[['dbp:doctoralAdvisor']],['dbo:doctoralAdvisor'],factoid,0.0,0.0,0.0,10,1,1,[['dbp:doctoralAdvisor']],['dbo:doctoralAdvisor'],factoid,[[11]]
193,0.5,0.5,0.5,10,2,2,Who has fought in the conflicts around the Mississippi river?,"[['dbp:place'], ['dbp:combatant']]","['dbo:place', 'dbp:combatant']",factoid,0.0,0.0,0.0,10,2,1,"[['dbp:place'], ['dbp:combatant']]",['dbo:battle'],factoid,"[[10], [14]]"
194,0.0,0.0,0.0,9,1,1,What is a body of work by sean delaney,[['dbo:artist']],['dbo:writer'],factoid,0.0,0.0,0.0,9,1,1,[['dbo:artist']],['dbo:author'],factoid,[[1147]]
195,0.0,0.0,0.0,11,2,1,What is the parent company of company which owns Sony Bank?,"[['dbp:parent'], ['dbo:parentCompany']]",['dbo:owningCompany'],factoid,0.0,0.0,0.0,11,2,1,"[['dbp:parent'], ['dbo:parentCompany']]",['dbp:owner'],factoid,"[[15], [11]]"
196,0.0,0.0,0.0,5,1,1,When was the Titanic completed?,[['dbo:completionDate']],['dbo:writer'],factoid,0.0,0.0,0.0,5,1,1,[['dbo:completionDate']],['dbp:cities'],factoid,[[1]]
197,0.0,0.0,0.0,9,1,1,Where did the 2015 MLS All-Star Game take place?,[['dbp:city']],['dbp:place'],factoid,0.0,0.0,0.0,9,1,1,[['dbp:city']],['dbo:league'],factoid,[[28]]
198,0.0,0.0,0.0,7,1,1,Which U.S. state has the abbreviation MN?,[['dbp:postalabbreviation']],['dbo:recordLabel'],factoid,0.0,0.0,0.0,7,1,1,[['dbp:postalabbreviation']],['dbo:state'],factoid,[[1]]
199,0.0,0.0,0.0,9,1,1,Which type of structural syle is st peters church?,[['dbo:architecturalStyle']],['dbo:type'],factoid,0.0,0.0,0.0,9,1,1,[['dbo:architecturalStyle']],['dbo:type'],factoid,[[145]]
200,0.0,0.0,0.0,7,1,1,What book did donald e. westlake write,[['dbo:notableWork']],['dbo:author'],factoid,0.0,0.0,0.0,7,1,1,[['dbo:notableWork']],['dbo:author'],factoid,[[92]]
201,0.0,0.0,0.0,9,1,1,What are the mountains in the Sequoia National Park?,[['dbo:locatedInArea']],['dbo:mountainRange'],factoid,0.0,0.0,0.0,9,1,1,[['dbo:locatedInArea']],['dbo:mountainRange'],factoid,[[1072]]
202,0.0,0.0,0.0,5,1,1,Where is rebecca harms from?,[['dbo:nationality']],['dbo:hometown'],factoid,0.0,0.0,0.0,5,1,1,[['dbo:nationality']],['dbo:birthPlace'],factoid,[[266]]
203,0.0,0.0,0.0,8,2,1,Terry Pratchett has written about how many topics?,"[['dbp:author'], ['dbo:nonFictionSubject']]",['dbp:subject'],count,0.0,0.0,0.0,8,2,1,"[['dbp:author'], ['dbo:nonFictionSubject']]",['dbo:author'],count,"[[24], [14]]"
204,0.0,0.0,0.0,12,1,1,How many gold medals did Michael Phelps win at the 2008 Olympics?,[['dbo:goldMedalist']],['dbo:bronzeMedalist'],count,0.0,0.0,0.0,12,1,1,[['dbo:goldMedalist']],['dbo:award'],count,[[1]]
205,0.0,0.0,0.0,6,1,1,which continent is vatnajokull located in,[['dbo:location']],['dbo:country'],factoid,0.0,0.0,0.0,6,1,1,[['dbo:location']],['dbo:country'],factoid,[[1670]]
206,0.0,0.0,0.0,8,1,1,Did Alexander Magleby study at the Dartmouth College?,[['dbo:university']],['dbo:institution'],boolean,0.0,0.0,0.0,8,1,1,[['dbo:university']],['dbo:almaMater'],boolean,[[10]]
207,0.0,0.0,0.0,7,1,1,plastic tree has an album titled what?,[['dbo:artist']],['dbo:type'],factoid,0.0,0.0,0.0,7,1,1,[['dbo:artist']],['dbo:type'],factoid,[[1147]]
208,0.0,0.0,0.0,6,1,1,what country is cher (department) in?,[['dbo:isPartOf']],['dbo:location'],factoid,0.0,0.0,0.0,6,1,1,[['dbo:isPartOf']],['dbo:country'],factoid,[[1891]]
209,0.0,0.0,0.0,7,1,1,What are some islands in the bahamas?,[['dbp:archipelago']],['dbo:artist'],factoid,0.0,0.0,0.0,7,1,1,[['dbp:archipelago']],['dbo:location'],factoid,[[9]]
210,0.0,0.0,0.0,6,1,1,which film did siddiq barmak direct,[['dbo:editing']],['dbo:director'],factoid,0.0,0.0,0.0,6,1,1,[['dbo:editing']],['dbo:director'],factoid,[[90]]
211,0.0,0.0,0.0,6,1,1,Is Sloth in the Chordate phylum?,[['dbp:phylum']],['dbo:phylum'],boolean,0.0,0.0,0.0,6,1,1,[['dbp:phylum']],['dbo:phylum'],boolean,[[4]]
212,0.0,0.0,0.0,7,1,1,what country is leonid andreyev originally from,[['dbo:nationality']],['dbo:birthPlace'],factoid,0.0,0.0,0.0,7,1,1,[['dbo:nationality']],['dbo:birthPlace'],factoid,[[266]]
213,0.0,0.0,0.0,9,1,1,what type of creed is practiced by allen trovillion,[['dbo:religion']],['dbo:type'],factoid,0.0,0.0,0.0,9,1,1,[['dbo:religion']],['dbp:religion'],factoid,[[257]]
214,0.0,0.0,0.0,8,1,1,Where did Jerry Tagge do his elementary schooling?,[['dbp:highSchool']],['dbo:education'],factoid,0.0,0.0,0.0,8,1,1,[['dbp:highSchool']],['dbo:sport'],factoid,[[8]]
215,0.5,0.5,0.5,13,2,2,How many TV shows are similar to the ones belonging to fantasy genre?,"[['dbo:related'], ['dbo:genre']]","['dbo:genre', 'dbp:genre']",count,0.5,0.5,0.5,13,2,2,"[['dbo:related'], ['dbo:genre']]","['dbo:genre', 'dbp:genre']",count,"[[16], [5588]]"
216,0.0,0.0,0.0,5,1,1,Where was liam watts born?,[['dbp:birthPlace']],['dbo:birthPlace'],factoid,0.0,0.0,0.0,5,1,1,[['dbp:birthPlace']],['dbo:birthPlace'],factoid,[[1526]]
217,0.0,0.0,0.0,7,1,1,which city did hans-walter heyne pass away,[['dbp:deathPlace']],['dbo:deathPlace'],factoid,0.0,0.0,0.0,7,1,1,[['dbp:deathPlace']],['dbo:deathPlace'],factoid,[[178]]
218,0.5,0.5,0.5,10,2,2,what kind of games can I find for PC 9800?,"[['dbo:computingPlatform'], ['dbp:genre']]","['dbo:computingPlatform', 'dbo:genre']",factoid,0.0,0.0,0.0,10,2,1,"[['dbo:computingPlatform'], ['dbp:genre']]",['dbo:genre'],factoid,"[[18], [246]]"
219,0.0,0.0,0.0,9,1,1,where city in minnesota was catharine mackinnon  born,[['dbp:birthPlace']],['dbo:birthPlace'],factoid,0.0,0.0,0.0,9,1,1,[['dbp:birthPlace']],['dbo:birthPlace'],factoid,[[1526]]
220,0.0,0.0,0.0,7,1,2,Who's a voice actor born in germany,[['dbo:occupation']],"['dbo:birthPlace', 'dbp:birthPlace']",factoid,0.0,0.0,0.0,7,1,2,[['dbo:occupation']],"['dbo:birthPlace', 'dbp:birthPlace']",factoid,[[629]]
221,0.0,0.0,0.0,14,2,1,In how many places are the tombs of people who died in Connecticut Colony?,"[['dbo:restingPlace'], ['dbp:placeOfDeath']]",['dbo:deathPlace'],count,0.0,0.0,0.0,14,2,1,"[['dbo:restingPlace'], ['dbp:placeOfDeath']]",['dbp:deathPlace'],count,"[[95], [32]]"
222,0.0,0.0,0.0,6,1,2,what country is asagiri located in,[['dbo:region']],"['dbo:country', 'dbo:isPartOf']",factoid,0.0,0.0,0.0,6,1,2,[['dbo:region']],"['dbo:country', 'dbo:isPartOf']",factoid,[[1153]]
223,0.0,0.0,0.0,9,1,1,What is one of the songs james hetfield wote?,[['dbo:writer']],['dbo:artist'],factoid,0.0,0.0,0.0,9,1,1,[['dbo:writer']],['dbo:artist'],factoid,[[1148]]
224,0.0,0.0,0.0,10,1,1,What is a basin country that jur river flows through,[['dbo:sourceCountry']],['dbo:country'],factoid,0.0,0.0,0.0,10,1,1,[['dbo:sourceCountry']],['dbo:country'],factoid,[[22]]
225,0.0,0.0,0.0,21,2,1,Where did the ultimate fighter: a champion will be crowned tonight and ultimate fighter: team rousey vs team tate take place?,"[['dbp:city'], ['dbp:city']]",['dbp:debutteam'],factoid,0.0,0.0,0.0,21,2,1,"[['dbp:city'], ['dbp:city']]",['dbo:locationCity'],factoid,"[[28], [28]]"
226,0.0,0.0,0.0,7,1,1,where in Scandinavia is egil hegerberg from,[['dbo:hometown']],['dbo:birthPlace'],factoid,0.0,0.0,0.0,7,1,1,[['dbo:hometown']],['dbo:birthPlace'],factoid,[[505]]
227,0.0,0.0,0.0,5,1,2,What area does kutp serve,[['dbo:location']],"['dbo:broadcastArea', 'dbo:city']",factoid,0.0,0.0,0.0,5,1,2,[['dbo:location']],"['dbo:broadcastArea', 'dbo:city']",factoid,[[1670]]
228,0.0,0.0,0.0,14,2,1,Which team has had both Martin prochzka and garry unger as its players ?,"[['dbo:formerTeam'], ['dbo:formerTeam']]",['dbo:team'],factoid,0.0,0.0,0.0,14,2,1,"[['dbo:formerTeam'], ['dbo:formerTeam']]",['dbo:team'],factoid,"[[36], [36]]"
229,0.5,0.5,0.5,13,2,2,What is the war in which both K Fordice and P Fitzwallace fight?,"[['dbp:battles'], ['dbp:battles']]","['dbo:battle', 'dbp:battles']",factoid,0.0,0.0,0.0,13,2,1,"[['dbp:battles'], ['dbp:battles']]",['dbo:battle'],factoid,"[[35], [35]]"
230,0.0,0.0,0.0,7,1,1,Was Queen Latifah in the U.N.I.T.Y. group?,[['dbo:musicalArtist']],['dbo:bandMember'],boolean,0.0,0.0,0.0,7,1,1,[['dbo:musicalArtist']],['dbp:artist'],boolean,[[23]]
231,0.0,0.0,0.0,7,1,1,Does the platte river originate in Colorado?,[['dbo:sourceRegion']],['dbo:sourceMountain'],boolean,0.0,0.0,0.0,7,1,1,[['dbo:sourceRegion']],['dbo:riverMouth'],boolean,[[7]]
232,0.0,0.0,0.0,10,1,1,"Where does Truman McGill Hobbs, United States District Judge live?",[['dbp:residence']],['dbo:residence'],factoid,0.0,0.0,0.0,10,1,1,[['dbp:residence']],['dbo:residence'],factoid,[[25]]
233,0.0,0.0,0.0,5,1,1,Where did drew macias die,[['dbo:birthPlace']],['dbo:deathPlace'],factoid,0.0,0.0,0.0,5,1,1,[['dbo:birthPlace']],['dbo:deathPlace'],factoid,[[4201]]
234,0.0,0.0,0.0,6,1,2,what country is high willhays in,[['dbo:locatedInArea']],"['dbo:country', 'dbo:isPartOf']",factoid,0.0,0.0,0.0,6,1,2,[['dbo:locatedInArea']],"['dbo:country', 'dbo:isPartOf']",factoid,[[1072]]
235,0.0,0.0,0.0,10,1,1,What type of rock is new ipswich mountain made of,[['dbo:type']],['dbo:genre'],factoid,0.0,0.0,0.0,10,1,1,[['dbo:type']],['dbo:genre'],factoid,[[1160]]
236,0.0,0.0,0.0,9,1,1,Humes High School is alma mater to which person?,[['dbp:education']],['dbo:almaMater'],list,0.0,0.0,0.0,9,1,1,[['dbp:education']],['dbo:almaMater'],list,[[21]]
237,0.0,0.0,0.0,5,1,1,what are works about existentialism,[['dbo:type']],['dbo:literaryGenre'],factoid,0.0,0.0,0.0,5,1,1,[['dbo:type']],['dbo:literaryGenre'],factoid,[[1160]]
238,0.0,0.0,0.0,10,1,1,Was andy worhol the director of the san diego surf?,[['dbo:cinematography']],['dbo:director'],boolean,0.0,0.0,0.0,10,1,1,[['dbo:cinematography']],['dbo:director'],boolean,[[124]]
239,0.0,0.0,0.0,14,2,1,"Where is the fictional character from, whose last appearance was in the Avengers, 1998?","[['dbp:last'], ['dbp:nationality']]",['dbo:series'],factoid,0.0,0.0,0.0,14,2,1,"[['dbp:last'], ['dbp:nationality']]",['dbo:series'],factoid,"[[2], [17]]"
240,0.0,0.0,0.0,5,1,1,When was Olof Palme shot?,[['dbo:deathDate']],['dbo:country'],factoid,0.0,0.0,0.0,5,1,1,[['dbo:deathDate']],['dbo:artist'],factoid,[[7]]
241,0.0,0.0,0.0,9,1,1,what is the place of birth of tomasz markowski?,[['dbo:nationality']],['dbo:birthPlace'],factoid,0.0,0.0,0.0,9,1,1,[['dbo:nationality']],['dbo:birthPlace'],factoid,[[266]]
242,0.0,0.0,0.0,9,1,1,What people are known to work for Johnny Cash?,[['dbp:associatedActs']],['dbo:knownFor'],factoid,0.0,0.0,0.0,9,1,1,[['dbp:associatedActs']],['dbo:occupation'],factoid,[[19]]
243,0.0,0.0,0.0,7,1,2,where is bangor theological seminary located at?,[['dbo:location']],"['dbo:city', 'dbo:country']",factoid,0.0,0.0,0.0,7,1,3,[['dbo:location']],"['dbo:city', 'dbo:country', 'dbo:state']",factoid,[[1670]]
244,0.5,0.5,0.5,9,2,2,How many people hold important positions alongwith Donna Shalala?,"[['dbo:keyPerson'], ['dbp:keyPeople']]","['dbo:keyPerson', 'dbo:position']",count,0.0,0.0,0.0,9,2,1,"[['dbo:keyPerson'], ['dbp:keyPeople']]",['dbo:occupation'],count,"[[17], [27]]"
245,0.0,0.0,0.0,12,1,1,what is the name of a series of albums featuring pop hits,[['dbo:type']],['dbo:genre'],factoid,0.0,0.0,0.0,12,1,1,[['dbo:type']],['dbo:genre'],factoid,[[1160]]
246,0.0,0.0,0.0,10,1,1,what music is played in the one for all album,[['dbo:genre']],['dbo:type'],factoid,0.0,0.0,0.0,10,1,1,[['dbo:genre']],['dbo:musicComposer'],factoid,[[5588]]
247,0.0,0.0,0.0,8,1,1,Name the associate acts of  Martin Pugh?,[['dbp:associatedActs']],['dbo:associate'],list,0.0,0.0,0.0,8,1,1,[['dbp:associatedActs']],['dbo:associatedBand'],list,[[19]]
248,0.0,0.0,0.0,14,1,1,What is the name of the crater on the moon named for georg ohm?,[['dbp:namedafter']],['dbp:namedFor'],factoid,0.0,0.0,0.0,14,1,1,[['dbp:namedafter']],['dbp:namedFor'],factoid,[[3]]
249,0.0,0.0,0.0,9,1,1,name the races where bobby beasley took part ?,[['dbo:race']],['dbp:race'],list,0.0,0.0,0.0,9,1,1,[['dbo:race']],['dbp:race'],list,[[6]]
250,0.0,0.0,0.0,10,1,1,who is the writer of the tv series black tie,[['dbp:writer']],['dbo:writer'],factoid,0.0,0.0,0.0,10,1,1,[['dbp:writer']],['dbo:writer'],factoid,[[61]]
251,0.0,0.0,0.0,13,2,1,From which genres of music did those genres emerge where drums are important?,"[['dbp:instruments'], ['dbo:stylisticOrigin']]",['dbo:genre'],factoid,0.0,0.0,0.0,13,2,1,"[['dbp:instruments'], ['dbo:stylisticOrigin']]",['dbo:genre'],factoid,"[[2], [7]]"
252,0.0,0.0,0.0,7,1,1,Which tv program is wcw pro on?,[['dbo:creator']],['dbo:genre'],factoid,0.0,0.0,0.0,7,1,2,[['dbo:creator']],"['dbo:genre', 'dbp:genre']",factoid,[[246]]
253,0.0,0.0,0.0,7,1,1,What is an example of american craftsman?,[['dbo:architecturalStyle']],['dbo:occupation'],factoid,0.0,0.0,0.0,7,1,1,[['dbo:architecturalStyle']],['dbo:occupation'],factoid,[[145]]
254,0.0,0.0,0.0,5,1,1,What band wrote steve jablonsky,[['dbo:artist']],['dbo:writer'],factoid,0.0,0.0,0.0,5,1,1,[['dbo:artist']],['dbo:writer'],factoid,[[1147]]
255,0.0,0.0,0.0,10,2,1,Who founded the league which was won by Joe McKeehen?,"[['dbp:champion'], ['dbp:founded']]",['dbp:founder'],factoid,0.0,0.0,0.0,10,2,1,"[['dbp:champion'], ['dbp:founded']]",['dbo:foundedBy'],factoid,"[[6], [6]]"
256,0.0,0.0,0.0,10,1,1,Which companies were behind the renovation of McKechnie Field ?,[['dbp:architect']],['dbp:company'],factoid,0.0,0.0,0.0,10,1,1,[['dbp:architect']],['dbo:architect'],factoid,[[10]]
257,0.0,0.0,0.0,13,1,1,What is the political party to which Purnima Banerjee is a member of?,[['dbo:knownFor']],['dbo:party'],factoid,0.0,0.0,0.0,13,1,1,[['dbo:knownFor']],['dbo:party'],factoid,[[40]]
